cClassTrib;cst;cst_descricao;nome_cclasstrib;descricao_cclasstrib;lc214_dispositivo;tipo_aliquota;pRedIBS;pRedCBS;ind_gTribRegular;ind_gCredPresOper;tpRBSN;indNFe;indNFCe;dIniVig;dFimVig;data_atualizacao;anexo;link_legislacao;fonte
000001;000;Tributação integral;Situações tributadas integralmente pelo IBS e CBS.;Situações tributadas integralmente pelo IBS e CBS.;;Padrão;0;0;0;0;1;1;1;2026-01-01;;2026-06-22;;https://www.planalto.gov.br/ccivil_03/leis/lcp/lcp214.htm#art4;https://www.nfe.fazenda.gov.br/portal/exibirArquivo.aspx?conteudo=D5b4Ov84WDg=
000002;000;Tributação integral;Exploração de via;Exploração de via, observado o art. 11 da Lei Complementar nº 214, de 2025.;Art. 11, VIII;Padrão;0;0;0;0;1;0;0;2026-01-01;;2026-06-22;90111;https://www.planalto.gov.br/ccivil_03/leis/lcp/lcp214.htm#art11;https://www.nfe.fazenda.gov.br/portal/exibirArquivo.aspx?conteudo=D5b4Ov84WDg=
000003;000;Tributação integral;Regime automotivo - projetos incentivados (art. 311);Regime automotivo - projetos incentivados, observado o art. 311 da Lei Complementar nº 214, de 2025.;Art. 311;Padrão;0;0;0;1;1;1;0;2026-01-01;;2026-06-22;;https://www.planalto.gov.br/ccivil_03/leis/lcp/lcp214.htm#art311;https://www.nfe.fazenda.gov.br/portal/exibirArquivo.aspx?conteudo=D5b4Ov84WDg=
000004;000;Tributação integral;Regime automotivo - projetos incentivados (art. 312);Regime automotivo - projetos incentivados, observado o art. 312 da Lei Complementar nº 214, de 2025.;Art. 312;Padrão;0;0;0;1;1;1;0;2026-01-01;;2026-06-22;;https://www.planalto.gov.br/ccivil_03/leis/lcp/lcp214.htm#art312;https://www.nfe.fazenda.gov.br/portal/exibirArquivo.aspx?conteudo=D5b4Ov84WDg=
000005;000;Tributação integral;Operação com EAC destinado à mistura com gasolina A, mas com saída do biocombustível com destinação diversa;Operação com EAC destinado à mistura com gasolina A, mas com saída do biocombustível com destinação diversa, observado o art. 179 da Lei Complementar nº 214, de 2025.;Art. 179, I;Padrão;0;0;0;0;1;1;0;2026-01-01;;2026-06-22;;https://www.planalto.gov.br/ccivil_03/leis/lcp/lcp214.htm#art179;https://www.nfe.fazenda.gov.br/portal/exibirArquivo.aspx?conteudo=D5b4Ov84WDg=
010001;010;Tributação com alíquotas uniformes - operações do FGTS;Operações do FGTS não realizadas pela Caixa Econômica Federal;Operações do FGTS não realizadas pela Caixa Econômica Federal, observado o art. 212 da Lei Complementar nº 214, de 2025.;Art. 212;Uniforme setorial;0;0;0;0;9;0;0;2026-01-01;;2026-06-22;;https://www.planalto.gov.br/ccivil_03/leis/lcp/lcp214.htm#art212;https://www.nfe.fazenda.gov.br/portal/exibirArquivo.aspx?conteudo=D5b4Ov84WDg=
010002;010;Tributação com alíquotas uniformes - operações setor financeiro;Operações do serviço financeiro;Operações do serviço financeiro;Art. 233;Uniforme setorial;0;0;0;0;1;0;0;2026-01-01;;2026-06-22;;https://www.planalto.gov.br/ccivil_03/leis/lcp/lcp214.htm#art233;https://www.nfe.fazenda.gov.br/portal/exibirArquivo.aspx?conteudo=D5b4Ov84WDg=
011001;011;Tributação com alíquotas uniformes reduzidas em 60%;Planos de assistência funerária.;Planos de assistência funerária, observado o art. 236 da Lei Complementar nº 214, de 2025.;Art. 236;Uniforme nacional (referência);60;60;0;0;1;0;0;2026-01-01;;2026-06-22;;https://www.planalto.gov.br/ccivil_03/leis/lcp/lcp214.htm#art236;https://www.nfe.fazenda.gov.br/portal/exibirArquivo.aspx?conteudo=D5b4Ov84WDg=
011002;011;Tributação com alíquotas uniformes reduzidas em 60%;Planos de assistência à saúde;Planos de assistência à saúde, observado o art. 237 da Lei Complementar nº 214, de 2025.;Art. 237;Uniforme nacional (referência);60;60;0;0;1;0;0;2026-01-01;;2026-06-22;;https://www.planalto.gov.br/ccivil_03/leis/lcp/lcp214.htm#art237;https://www.nfe.fazenda.gov.br/portal/exibirArquivo.aspx?conteudo=D5b4Ov84WDg=
011003;011;Tributação com alíquotas uniformes reduzidas em 60%;Intermediação de planos de assistência à saúde;Intermediação de planos de assistência à saúde, observado o art. 240 da Lei Complementar nº 214, de 2025.;Art. 240;Uniforme nacional (referência);60;60;0;0;1;0;0;2026-01-01;;2026-06-22;92401;https://www.planalto.gov.br/ccivil_03/leis/lcp/lcp214.htm#art240;https://www.nfe.fazenda.gov.br/portal/exibirArquivo.aspx?conteudo=D5b4Ov84WDg=
011004;011;Tributação com alíquotas uniformes;Concursos e prognósticos;Concursos e prognósticos, observado o art. 246 da Lei Complementar nº 214, de 2025.;Art. 246;Uniforme nacional (referência);0;0;0;0;1;0;0;2026-01-01;;2026-06-22;;https://www.planalto.gov.br/ccivil_03/leis/lcp/lcp214.htm#art246;https://www.nfe.fazenda.gov.br/portal/exibirArquivo.aspx?conteudo=D5b4Ov84WDg=
011005;011;Tributação com alíquotas uniformes reduzidas em 30%;Planos de assistência à saúde de animais domésticos;Planos de assistência à saúde de animais domésticos, observado o art. 243 da Lei Complementar nº 214, de 2025.;Art. 243;Uniforme nacional (referência);30;30;0;0;1;0;0;2026-01-01;;2026-06-22;;https://www.planalto.gov.br/ccivil_03/leis/lcp/lcp214.htm#art243;https://www.nfe.fazenda.gov.br/portal/exibirArquivo.aspx?conteudo=D5b4Ov84WDg=
200001;200;Alíquota zero;Serviços de transporte de bens até as zonas de processamento de exportação e bens exportados a partir das zonas de processamento de exportação;Serviços de transporte de bens até as zonas de processamento de exportação e bens exportados a partir das zonas de processamento de exportação, observado o art. 103 da Lei Complementar nº 214, de 2025.;Art. 103;Padrão;100;100;0;0;3;0;0;2026-01-01;;2026-06-22;;https://www.planalto.gov.br/ccivil_03/leis/lcp/lcp214.htm#art103;https://www.nfe.fazenda.gov.br/portal/exibirArquivo.aspx?conteudo=D5b4Ov84WDg=
200002;200;Alíquota zero;Fornecimento ou importação para produtor rural não contribuinte ou TAC;Fornecimento ou importação de tratores, máquinas e implementos agrícolas, destinados a produtor rural não contribuinte, e de veículos de transporte de carga destinados a transportador autônomo de carga pessoa física não contribuinte, observado o art. 110 da Lei Complementar nº 214, de 2025.;Art. 110;Padrão;100;100;0;0;1;1;1;2026-01-01;;2026-06-22;;https://www.planalto.gov.br/ccivil_03/leis/lcp/lcp214.htm#art110;https://www.nfe.fazenda.gov.br/portal/exibirArquivo.aspx?conteudo=D5b4Ov84WDg=
200003;200;Alíquota zero;Vendas de produtos destinados à alimentação humana (Anexo I);Vendas de produtos destinados à alimentação humana relacionados no Anexo I da Lei Complementar nº 214, de 2025, com a especificação das respectivas classificações da NCM/SH, que compõem a Cesta Básica Nacional de Alimentos, criada nos termos do art. 8º da Emenda Constitucional nº 132, de 20 de dezembro de 2023, observado o art. 125 da Lei Complementar nº 214, de 2025.;Art. 125;Padrão;100;100;0;0;1;1;1;2026-01-01;;2026-06-22;1;https://www.planalto.gov.br/ccivil_03/leis/lcp/lcp214.htm#art125;https://www.nfe.fazenda.gov.br/portal/exibirArquivo.aspx?conteudo=D5b4Ov84WDg=
200004;200;Alíquota zero;Fornecimento de dispositivos médicos (Anexo XII);Fornecimento de dispositivos médicos com a especificação das respectivas classificações da NCM/SH previstas no Anexo XII da Lei Complementar nº 214, de 2025, observado o art. 144 da Lei Complementar nº 214, de 2025.;Art. 144, I;Padrão;100;100;0;0;1;1;1;2026-01-01;;2026-06-22;12;https://www.planalto.gov.br/ccivil_03/leis/lcp/lcp214.htm#art144;https://www.nfe.fazenda.gov.br/portal/exibirArquivo.aspx?conteudo=D5b4Ov84WDg=
200005;200;Alíquota zero;Fornecimento de dispositivos médicos para órgãos da administração pública e entidades de saúde imunes (Anexo IV);Fornecimento de dispositivos médicos com a especificação das respectivas classificações da NCM/SH previstas no Anexo IV da Lei Complementar nº 214, de 2025, quando adquiridos por órgãos da administração pública direta, autarquias, fundações públicas e entidades de saúde imunes, observado o art. 144 da Lei Complementar nº 214, de 2025.;Art. 144, II;Padrão;100;100;0;0;1;1;0;2026-01-01;;2026-06-22;4;https://www.planalto.gov.br/ccivil_03/leis/lcp/lcp214.htm#art144;https://www.nfe.fazenda.gov.br/portal/exibirArquivo.aspx?conteudo=D5b4Ov84WDg=
200006;200;Alíquota zero;Situação de emergência de saúde pública reconhecida pelo Poder público;Situação de emergência de saúde pública reconhecida pelo Poder Legislativo federal, estadual, distrital ou municipal competente, ato conjunto do Ministro da Fazenda e do Comitê Gestor do IBS poderá ser editado, a qualquer momento, para incluir dispositivos não listados no Anexo XII da Lei Complementar nº 214, de 2025, limitada a vigência do benefício ao período e à localidade da emergência de saúde pública, observado o art. 144 da Lei Complementar nº 214, de 2025.;Art. 144, § 3º;Padrão;100;100;0;0;1;1;1;2026-01-01;;2026-06-22;;https://www.planalto.gov.br/ccivil_03/leis/lcp/lcp214.htm#art144;https://www.nfe.fazenda.gov.br/portal/exibirArquivo.aspx?conteudo=D5b4Ov84WDg=
200007;200;Alíquota zero;Fornecimento dos dispositivos de acessibilidade próprios para pessoas com deficiência (Anexo XIII);Fornecimento dos dispositivos de acessibilidade próprios para pessoas com deficiência relacionados no Anexo XIII da Lei Complementar nº 214, de 2025, com a especificação das respectivas classificações da NCM/SH, observado o art. 145 da Lei Complementar nº 214, de 2025.;Art. 145, I;Padrão;100;100;0;0;1;1;1;2026-01-01;;2026-06-22;13;https://www.planalto.gov.br/ccivil_03/leis/lcp/lcp214.htm#art145;https://www.nfe.fazenda.gov.br/portal/exibirArquivo.aspx?conteudo=D5b4Ov84WDg=
200008;200;Alíquota zero;Fornecimento dos dispositivos de acessibilidade próprios para pessoas com deficiência adquiridos por órgãos da administração pública (Anexo V);Fornecimento dos dispositivos de acessibilidade próprios para pessoas com deficiência relacionados no Anexo V da Lei Complementar nº 214, de 2025, com a especificação das respectivas classificações da NCM/SH, quando adquiridos por órgãos da administração pública direta, autarquias, fundações públicas e entidades imunes, observado o art. 145 da Lei Complementar nº 214, de 2025.;Art. 145, II;Padrão;100;100;0;0;1;1;0;2026-01-01;;2026-06-22;5;https://www.planalto.gov.br/ccivil_03/leis/lcp/lcp214.htm#art145;https://www.nfe.fazenda.gov.br/portal/exibirArquivo.aspx?conteudo=D5b4Ov84WDg=
200009;200;Alíquota zero;Fornecimento dos medicamentos registrados na Anvisa;Fornecimento dos medicamentos registrados na Anvisa, observado o art. 146 da Lei Complementar nº 214, de 2025.;Art. 146;Padrão;100;100;0;0;1;1;1;2026-01-01;;2026-06-22;;https://www.planalto.gov.br/ccivil_03/leis/lcp/lcp214.htm#art146;https://www.nfe.fazenda.gov.br/portal/exibirArquivo.aspx?conteudo=D5b4Ov84WDg=
200010;200;Alíquota zero;Fornecimento dos medicamentos registrados na Anvisa, adquiridos por órgãos da administração pública;Fornecimento dos medicamentos registrados na Anvisa, quando adquiridos por órgãos da administração pública direta, autarquias, fundações públicas e entidades imunes, observado o art. 146 da Lei Complementar nº 214, de 2025.;Art. 146, § 1º, I e II;Padrão;100;100;0;0;1;1;1;2026-01-01;;2026-06-22;;https://www.planalto.gov.br/ccivil_03/leis/lcp/lcp214.htm#art146;https://www.nfe.fazenda.gov.br/portal/exibirArquivo.aspx?conteudo=D5b4Ov84WDg=
200011;200;Alíquota zero;Fornecimento das composições para nutrição enteral e parenteral quando adquiridas por órgãos da administração pública (Anexo VI);Fornecimento das composições para nutrição enteral e parenteral, composições especiais e fórmulas nutricionais destinadas às pessoas com erros inatos do metabolismo relacionadas no Anexo VI da Lei Complementar nº 214, de 2025, com a especificação das respectivas classificações da NCM/SH, quando adquiridas por órgãos da administração pública direta, autarquias e fundações públicas, observado o art. 146 da Lei Complementar nº 214, de 2025.;Art. 146, § 2º;Padrão;100;100;0;0;1;1;0;2026-01-01;;2026-06-22;6;https://www.planalto.gov.br/ccivil_03/leis/lcp/lcp214.htm#art146;https://www.nfe.fazenda.gov.br/portal/exibirArquivo.aspx?conteudo=D5b4Ov84WDg=
200012;200;Alíquota zero;Situação de emergência de saúde pública reconhecida pelo Poder público;Situação de emergência de saúde pública reconhecida pelo Poder Legislativo federal, estadual, distrital ou municipal competente, ato conjunto do Ministro da Fazenda e do Comitê Gestor do IBS poderá ser editado, a qualquer momento, limitada a vigência do benefício ao período e à localidade da emergência de saúde pública, observado o art. 146 da Lei Complementar nº 214, de 2025.;Art. 146, § 4º;Padrão;100;100;0;0;1;1;1;2026-01-01;;2026-06-22;;https://www.planalto.gov.br/ccivil_03/leis/lcp/lcp214.htm#art146;https://www.nfe.fazenda.gov.br/portal/exibirArquivo.aspx?conteudo=D5b4Ov84WDg=
200013;200;Alíquota zero;Fornecimento de tampões higiênicos, absorventes higiênicos internos ou externos;Fornecimento de tampões higiênicos, absorventes higiênicos internos ou externos, descartáveis ou reutilizáveis, calcinhas absorventes e coletores menstruais, observado o art. 147 da Lei Complementar nº 214, de 2025.;Art. 147;Padrão;100;100;0;0;1;1;1;2026-01-01;;2026-06-22;91471;https://www.planalto.gov.br/ccivil_03/leis/lcp/lcp214.htm#art147;https://www.nfe.fazenda.gov.br/portal/exibirArquivo.aspx?conteudo=D5b4Ov84WDg=
200014;200;Alíquota zero;Fornecimento dos produtos hortícolas, frutas e ovos (Anexo XV);Fornecimento dos produtos hortícolas, frutas e ovos, relacionados no Anexo XV da Lei Complementar nº 214 , de 2025, com a especificação das respectivas classificações da NCM/SH e desde que não cozidos, observado o art. 148 da Lei Complementar nº 214, de 2025.;Art. 148;Padrão;100;100;0;0;1;1;1;2026-01-01;;2026-06-22;15;https://www.planalto.gov.br/ccivil_03/leis/lcp/lcp214.htm#art148;https://www.nfe.fazenda.gov.br/portal/exibirArquivo.aspx?conteudo=D5b4Ov84WDg=
200015;200;Alíquota zero;Venda de automóveis de passageiros de fabricação nacional adquiridos por motoristas profissionais ou pessoas com deficiência;Venda de automóveis de passageiros de fabricação nacional de, no mínimo, 4 (quatro) portas, inclusive a de acesso ao bagageiro, quando adquiridos por motoristas profissionais que exerçam, comprovadamente, em automóvel de sua propriedade, atividade de condutor autônomo de passageiros, na condição de titular de autorização, permissão ou concessão do poder público, e que destinem o automóvel à utilização na categoria de aluguel (táxi), ou por pessoas com deficiência física, visual, auditiva, deficiência mental severa ou profunda, transtorno do espectro autista, com prejuízos na comunicação social e em padrões restritos ou repetitivos de comportamento de nível moderado ou grave, nos termos da legislação relativa à matéria, observado o disposto no art. 149 da Lei Complementar nº 214, de 2025.;Art. 149;Padrão;100;100;0;0;1;1;1;2026-01-01;;2026-06-22;;https://www.planalto.gov.br/ccivil_03/leis/lcp/lcp214.htm#art149;https://www.nfe.fazenda.gov.br/portal/exibirArquivo.aspx?conteudo=D5b4Ov84WDg=
200016;200;Alíquota zero;Prestação de serviços de pesquisa e desenvolvimento por Instituição Científica, Tecnológica e de Inovação (ICT);Prestação de serviços de pesquisa e desenvolvimento por Instituição Científica, Tecnológica e de Inovação (ICT) sem fins lucrativos para a administração pública direta, autarquias e fundações públicas ou para o contribuinte sujeito ao regime regular do IBS e da CBS, observado o disposto no art. 156 da Lei Complementar nº 214, de 2025.;Art. 156;Padrão;100;100;0;0;9;0;0;2026-01-01;;2026-06-22;91561;https://www.planalto.gov.br/ccivil_03/leis/lcp/lcp214.htm#art156;https://www.nfe.fazenda.gov.br/portal/exibirArquivo.aspx?conteudo=D5b4Ov84WDg=
200017;200;Alíquota zero;Operações relacionadas ao FGTS;Operações relacionadas ao FGTS, considerando aquelas necessárias à aplicação da Lei nº 8.036, de 1990, realizadas pelo Conselho Curador ou Secretaria Executiva do FGTS, observado o art. 212 da Lei Complementar nº 214, de 2025.;Art. 212, § 3º, I;Padrão;100;100;0;0;9;0;0;2026-01-01;;2026-06-22;;https://www.planalto.gov.br/ccivil_03/leis/lcp/lcp214.htm#art212;https://www.nfe.fazenda.gov.br/portal/exibirArquivo.aspx?conteudo=D5b4Ov84WDg=
200018;200;Alíquota zero;Operações de resseguro e retrocessão;Operações de resseguro e retrocessão ficam sujeitas à incidência à alíquota zero, inclusive quando os prêmios de resseguro e retrocessão forem cedidos ao exterior, observado o art. 223 da Lei Complementar nº 214, de 2025.;Art. 223, § 4º;Padrão;100;100;0;0;9;0;0;2026-01-01;;2026-06-22;;https://www.planalto.gov.br/ccivil_03/leis/lcp/lcp214.htm#art223;https://www.nfe.fazenda.gov.br/portal/exibirArquivo.aspx?conteudo=D5b4Ov84WDg=
200019;200;Alíquota zero;Importador dos serviços financeiros contribuinte;Importador dos serviços financeiros que seja contribuinte e tenha direito de apropriação de créditos na aquisição do mesmo serviço financeiro no País, observado o art. 231 da Lei Complementar nº 214, de 2025.;Art. 231, § 1º, II;Padrão;100;100;0;0;0;0;0;2026-01-01;;2026-06-22;;https://www.planalto.gov.br/ccivil_03/leis/lcp/lcp214.htm#art231;https://www.nfe.fazenda.gov.br/portal/exibirArquivo.aspx?conteudo=D5b4Ov84WDg=
200020;200;Alíquota zero;Operação praticada por sociedades cooperativas optantes por regime específico do IBS e CBS;Operação praticada por sociedades cooperativas optantes por regime específico do IBS e CBS, quando o associado destinar bem ou serviço à cooperativa de que participa, e a cooperativa fornecer bem ou serviço ao associado sujeito ao regime regular do IBS e da CBS, observado o art. 271 da Lei Complementar nº 214, de 2025.;Art. 271;Padrão;100;100;0;0;1;1;1;2026-01-01;;2026-06-22;;https://www.planalto.gov.br/ccivil_03/leis/lcp/lcp214.htm#art271;https://www.nfe.fazenda.gov.br/portal/exibirArquivo.aspx?conteudo=D5b4Ov84WDg=
200021;200;Alíquota zero;Serviços de transporte público coletivo de passageiros ferroviário e hidroviário;Serviços de transporte público coletivo de passageiros ferroviário e hidroviário urbanos, semiurbanos e metropolitanos, observado o art. 285 da Lei Complementar nº 214, de 2025.;Art. 285, I;Padrão;100;100;0;0;1;0;0;2026-01-01;;2026-06-22;;https://www.planalto.gov.br/ccivil_03/leis/lcp/lcp214.htm#art285;https://www.nfe.fazenda.gov.br/portal/exibirArquivo.aspx?conteudo=D5b4Ov84WDg=
200022;200;Alíquota zero;Operação originada fora da ZFM que destine bem material industrializado a contribuinte estabelecido na ZFM;Operação originada fora da Zona Franca de Manaus que destine bem material industrializado de origem nacional a contribuinte estabelecido na Zona Franca de Manaus que seja habilitado nos termos do art. 442 da Lei Complementar nº 214, de 2025, e sujeito ao regime regular do IBS e da CBS ou optante pelo regime do Simples Nacional de que trata o art. 12 da Lei Complementar nº 123, de 2006, observado o art. 445 da Lei Complementar nº 214, de 2025.;Art. 445;Padrão;100;100;1;0;1;1;0;2026-01-01;;2026-06-22;;https://www.planalto.gov.br/ccivil_03/leis/lcp/lcp214.htm#art445;https://www.nfe.fazenda.gov.br/portal/exibirArquivo.aspx?conteudo=D5b4Ov84WDg=
200023;200;Alíquota zero;Operação realizada por indústria incentivada que destine bem material intermediário para outra indústria incentivada na ZFM;Operação realizada por indústria incentivada que destine bem material intermediário para outra indústria incentivada na Zona Franca de Manaus, desde que a entrega ou disponibilização dos bens ocorra dentro da referida área, observado o art. 448 da Lei Complementar nº 214, de 2025.;Art. 448;Padrão;100;100;0;0;1;1;0;2026-01-01;;2026-06-22;;https://www.planalto.gov.br/ccivil_03/leis/lcp/lcp214.htm#art448;https://www.nfe.fazenda.gov.br/portal/exibirArquivo.aspx?conteudo=D5b4Ov84WDg=
200024;200;Alíquota zero;Operação originada fora das Áreas de Livre Comércio destinadas a contribuinte estabelecido nas Áreas de Livre Comércio;Operação originada fora das Áreas de Livre Comércio que destine bem material industrializado de origem nacional a contribuinte estabelecido nas Áreas de Livre Comércio que seja habilitado nos termos do art. 456 da Lei Complementar nº 214, de 2025, e sujeito ao regime regular do IBS e da CBS ou optante pelo regime do Simples Nacional de que trata o art. 12 da Lei Complementar nº 123, de 2006, observado o art. 463 da Lei Complementar nº 214, de 2025.;Art. 463;Padrão;100;100;1;0;1;1;0;2026-01-01;;2026-06-22;;https://www.planalto.gov.br/ccivil_03/leis/lcp/lcp214.htm#art463;https://www.nfe.fazenda.gov.br/portal/exibirArquivo.aspx?conteudo=D5b4Ov84WDg=
200025;200;Alíquota zero apenas CBS e reduzida em 60% para IBS;Fornecimento dos serviços de educação relacionados ao Programa Universidade para Todos (Prouni);Fornecimento dos serviços de educação relacionados ao Programa Universidade para Todos (Prouni), instituído pela Lei nº 11.096, de 13 de janeiro de 2005, observado o art. 308 da Lei Complementar nº 214, de 2025.;Art. 308;Padrão;60;100;0;0;1;0;0;2026-01-01;;2026-06-22;93081;https://www.planalto.gov.br/ccivil_03/leis/lcp/lcp214.htm#art308;https://www.nfe.fazenda.gov.br/portal/exibirArquivo.aspx?conteudo=D5b4Ov84WDg=
200026;200;Alíquota reduzida em 80%;Locação de imóveis localizados nas zonas reabilitadas;Locação de imóveis localizados nas zonas reabilitadas, pelo prazo de 5 (cinco) anos, contado da data de expedição do habite-se, e relacionados a projetos de reabilitação urbana de zonas históricas e de áreas críticas de recuperação e reconversão urbanística dos Municípios ou do Distrito Federal, a serem delimitadas por lei municipal ou distrital, observado o art. 158 da Lei Complementar nº 214, de 2025.;Art. 158, parágrafo único;Padrão;80;80;0;0;9;0;0;2026-01-01;;2026-06-22;91581;https://www.planalto.gov.br/ccivil_03/leis/lcp/lcp214.htm#art158;https://www.nfe.fazenda.gov.br/portal/exibirArquivo.aspx?conteudo=D5b4Ov84WDg=
200027;200;Alíquota reduzida em 70%;Operações de locação, cessão onerosa e arrendamento de bens imóveis;Operações de locação, cessão onerosa e arrendamento de bens imóveis, observado o art. 261 da Lei Complementar nº 214, de 2025.;Art. 261, parágrafo único;Padrão;70;70;0;0;1;0;0;2026-01-01;;2026-06-22;92611;https://www.planalto.gov.br/ccivil_03/leis/lcp/lcp214.htm#art261;https://www.nfe.fazenda.gov.br/portal/exibirArquivo.aspx?conteudo=D5b4Ov84WDg=
200028;200;Alíquota reduzida em 60%;Fornecimento dos serviços de educação (Anexo II);Fornecimento dos serviços de educação relacionados no Anexo II da Lei Complementar nº 214, de 2025, com a especificação das respectivas classificações da Nomenclatura Brasileira de Serviços, Intangíveis e Outras Operações que Produzam Variações no Patrimônio (NBS), observado o art. 129 da Lei Complementar nº 214, de 2025.;Art. 129;Padrão;60;60;0;0;1;0;0;2026-01-01;;2026-06-22;2;https://www.planalto.gov.br/ccivil_03/leis/lcp/lcp214.htm#art129;https://www.nfe.fazenda.gov.br/portal/exibirArquivo.aspx?conteudo=D5b4Ov84WDg=
200029;200;Alíquota reduzida em 60%;Fornecimento dos serviços de saúde humana (Anexo III);Fornecimento dos serviços de saúde humana relacionados no Anexo III da Lei Complementar nº 214, de 2025, com a especificação das respectivas classificações da NBS, observado o art. 130 da Lei Complementar nº 214, de 2025.;Art. 130;Padrão;60;60;0;0;1;0;0;2026-01-01;;2026-06-22;3;https://www.planalto.gov.br/ccivil_03/leis/lcp/lcp214.htm#art130;https://www.nfe.fazenda.gov.br/portal/exibirArquivo.aspx?conteudo=D5b4Ov84WDg=
200030;200;Alíquota reduzida em 60%;Venda dos dispositivos médicos (Anexo IV);Venda dos dispositivos médicos relacionados no Anexo IV da Lei Complementar nº 214, de 2025, com a especificação das respectivas classificações da NCM/SH, observado o art. 131 da Lei Complementar nº 214, de 2025.;Art. 131;Padrão;60;60;0;0;1;1;1;2026-01-01;;2026-06-22;4;https://www.planalto.gov.br/ccivil_03/leis/lcp/lcp214.htm#art131;https://www.nfe.fazenda.gov.br/portal/exibirArquivo.aspx?conteudo=D5b4Ov84WDg=
200031;200;Alíquota reduzida em 60%;Fornecimento dos dispositivos de acessibilidade próprios para pessoas com deficiência (Anexo V);Fornecimento dos dispositivos de acessibilidade próprios para pessoas com deficiência relacionados no Anexo V da Lei Complementar nº 214, de 2025, com a especificação das respectivas classificações da NCM/SH, observado o art. 132 da Lei Complementar nº 214, de 2025.;Art. 132;Padrão;60;60;0;0;1;1;1;2026-01-01;;2026-06-22;5;https://www.planalto.gov.br/ccivil_03/leis/lcp/lcp214.htm#art132;https://www.nfe.fazenda.gov.br/portal/exibirArquivo.aspx?conteudo=D5b4Ov84WDg=
200032;200;Alíquota reduzida em 60%;Fornecimento dos medicamentos registrados na Anvisa ou produzidos por farmácias de manipulação, ressalvados os medicamentos sujeitos à alíquota zero;Fornecimento dos medicamentos registrados na Anvisa ou produzidos por farmácias de manipulação, ressalvados os medicamentos sujeitos à alíquota zero de que trata o art. 146 da Lei Complementar nº 214, de 2025, observado o art. 133 da Lei Complementar nº 214, de 2025.;Art. 133;Padrão;60;60;0;0;1;1;1;2026-01-01;;2026-06-22;;https://www.planalto.gov.br/ccivil_03/leis/lcp/lcp214.htm#art133;https://www.nfe.fazenda.gov.br/portal/exibirArquivo.aspx?conteudo=D5b4Ov84WDg=
200033;200;Alíquota reduzida em 60%;Fornecimento das composições para nutrição enteral e parenteral (Anexo VI);Fornecimento das composições para nutrição enteral e parenteral, composições especiais e fórmulas nutricionais destinadas às pessoas com erros inatos do metabolismo relacionadas no Anexo VI da Lei Complementar nº 214, de 2025, com a especificação das respectivas classificações da NCM/SH, observado o art. 133 da Lei Complementar nº 214, de 2025.;Art. 133, § 1º;Padrão;60;60;0;0;1;1;1;2026-01-01;;2026-06-22;6;https://www.planalto.gov.br/ccivil_03/leis/lcp/lcp214.htm#art133;https://www.nfe.fazenda.gov.br/portal/exibirArquivo.aspx?conteudo=D5b4Ov84WDg=
200034;200;Alíquota reduzida em 60%;Fornecimento dos alimentos destinados ao consumo humano (Anexo VII);Fornecimento dos alimentos destinados ao consumo humano relacionados no Anexo VII da Lei Complementar nº 214, de 2025, com a especificação das respectivas classificações da NCM/SH, observado o art. 135 da Lei Complementar nº 214, de 2025.;Art. 135;Padrão;60;60;0;0;1;1;1;2026-01-01;;2026-06-22;7;https://www.planalto.gov.br/ccivil_03/leis/lcp/lcp214.htm#art135;https://www.nfe.fazenda.gov.br/portal/exibirArquivo.aspx?conteudo=D5b4Ov84WDg=
200035;200;Alíquota reduzida em 60%;Fornecimento dos produtos de higiene pessoal e limpeza (Anexo VIII);Fornecimento dos produtos de higiene pessoal e limpeza relacionados no Anexo VIII da Lei Complementar nº 214, de 2025, com a especificação das respectivas classificações da NCM/SH, observado o art. 136 da Lei Complementar nº 214, de 2025.;Art. 136;Padrão;60;60;0;0;1;1;1;2026-01-01;;2026-06-22;8;https://www.planalto.gov.br/ccivil_03/leis/lcp/lcp214.htm#art136;https://www.nfe.fazenda.gov.br/portal/exibirArquivo.aspx?conteudo=D5b4Ov84WDg=
200036;200;Alíquota reduzida em 60%;Fornecimento de produtos agropecuários, aquícolas, pesqueiros, florestais e extrativistas vegetais in natura;Fornecimento de produtos agropecuários, aquícolas, pesqueiros, florestais e extrativistas vegetais in natura, observado o art. 137 da Lei Complementar nº 214, de 2025.;Art. 137;Padrão;60;60;0;0;1;1;1;2026-01-01;;2026-06-22;;https://www.planalto.gov.br/ccivil_03/leis/lcp/lcp214.htm#art137;https://www.nfe.fazenda.gov.br/portal/exibirArquivo.aspx?conteudo=D5b4Ov84WDg=
200037;200;Alíquota reduzida em 60%;Fornecimento de serviços ambientais de conservação ou recuperação da vegetação nativa;Fornecimento de serviços ambientais de conservação ou recuperação da vegetação nativa, mesmo que fornecidos sob a forma de manejo sustentável de sistemas agrícolas, agroflorestais e agrossilvopastoris, em conformidade com as definições e requisitos da legislação específica, observado o art. 137 da Lei Complementar nº 214, de 2025.;Art. 137, § 3º;Padrão;60;60;0;0;1;0;0;2026-01-01;;2026-06-22;;https://www.planalto.gov.br/ccivil_03/leis/lcp/lcp214.htm#art137;https://www.nfe.fazenda.gov.br/portal/exibirArquivo.aspx?conteudo=D5b4Ov84WDg=
200038;200;Alíquota reduzida em 60%;Fornecimento dos insumos agropecuários e aquícolas (Anexo IX);Fornecimento dos insumos agropecuários e aquícolas relacionados no Anexo IX da Lei Complementar nº 214, de 2025, com a especificação das respectivas classificações da NCM/SH e da NBS, observado o art. 138 da Lei Complementar nº 214, de 2025.;Art. 138;Padrão;60;60;0;0;1;1;1;2026-01-01;;2026-06-22;9;https://www.planalto.gov.br/ccivil_03/leis/lcp/lcp214.htm#art138;https://www.nfe.fazenda.gov.br/portal/exibirArquivo.aspx?conteudo=D5b4Ov84WDg=
200039;200;Alíquota reduzida em 60%;Fornecimento dos bens e serviços relacionados com produções nacionais artísticas, culturais, de eventos, jornalísticas e audiovisuais (Anexo X);Fornecimento dos bens e serviços listados no Anexo X da Lei Complementar nº 214, de 2025, com a especificação das respectivas classificações da NCM/SH e NBS, nos casos relacionados com produções nacionais artísticas, culturais, de eventos, jornalísticas e audiovisuais, observado o art. 139 da Lei Complementar nº 214, de 2025.;Art. 139;Padrão;60;60;0;0;1;1;0;2026-01-01;;2026-06-22;10;https://www.planalto.gov.br/ccivil_03/leis/lcp/lcp214.htm#art139;https://www.nfe.fazenda.gov.br/portal/exibirArquivo.aspx?conteudo=D5b4Ov84WDg=
200040;200;Alíquota reduzida em 60%;Fornecimento de serviços de comunicação institucional à administração pública;Fornecimento dos seguintes serviços de comunicação institucional à administração pública direta, autarquias e fundações públicas: serviços direcionados ao planejamento, criação, programação e manutenção de páginas eletrônicas da administração pública, ao monitoramento e gestão de suas redes sociais e à otimização de páginas e canais digitais para mecanismos de buscas e produção de mensagens, infográficos, painéis interativos e conteúdo institucional, serviços de relações com a imprensa, que reúnem estratégias organizacionais para promover e reforçar a comunicação dos órgãos e das entidades contratantes com seus públicos de interesse, por meio da interação com profissionais da imprensa, e serviços de relações públicas, que compreendem o esforço de comunicação planejado, coeso e contínuo que tem por objetivo estabelecer adequada percepção da atuação e dos objetivos institucionais, a partir do estímulo à compreensão mútua e da manutenção de padrões de relacionamento e fluxos de informação entre os órgãos e as entidades contratantes e seus públicos de interesse, no País e no exterior, observado o art. 140 da Lei Complementar nº 214, de 2025.;Art. 140;Padrão;60;60;0;0;1;0;0;2026-01-01;;2026-06-22;;https://www.planalto.gov.br/ccivil_03/leis/lcp/lcp214.htm#art140;https://www.nfe.fazenda.gov.br/portal/exibirArquivo.aspx?conteudo=D5b4Ov84WDg=
200041;200;Alíquota reduzida em 60%;Fornecimento de serviço de educação desportiva (art. 141. I);Operações relacionadas às seguintes atividades desportivas: fornecimento de serviço de educação desportiva, classificado no código 1.2205.12.00 da NBS, observado o art. 141 da Lei Complementar nº 214, de 2025.;Art. 141, I;Padrão;60;60;0;0;1;0;0;2026-01-01;;2026-06-22;91411;https://www.planalto.gov.br/ccivil_03/leis/lcp/lcp214.htm#art141;https://www.nfe.fazenda.gov.br/portal/exibirArquivo.aspx?conteudo=D5b4Ov84WDg=
200042;200;Alíquota reduzida em 60%;Fornecimento de serviço de gestão e exploração do desporto (art. 141. II);Operações relacionadas às seguintes atividades desportivas: gestão e exploração do desporto por associações e clubes esportivos filiados ao órgão estadual ou federal responsável pela coordenação dos desportos, observado o art. 141 da Lei Complementar nº 214, de 2025.;Art. 141, II;Padrão;60;60;0;0;1;0;0;2026-01-01;;2026-06-22;;https://www.planalto.gov.br/ccivil_03/leis/lcp/lcp214.htm#art141;https://www.nfe.fazenda.gov.br/portal/exibirArquivo.aspx?conteudo=D5b4Ov84WDg=
200043;200;Alíquota reduzida em 60%;Fornecimento à administração pública dos serviços e dos bens relativos à soberania (Anexo XI);Fornecimento à administração pública direta, autarquias e fundações púbicas dos serviços e dos bens relativos à soberania e à segurança nacional, à segurança da informação e à segurança cibernética relacionados no Anexo XI da Lei Complementar nº 214, de 2025, com a especificação das respectivas classificações da NBS e da NCM/SH, observado o art. 142 da Lei Complementar nº 214, de 2025.;Art. 142, I;Padrão;60;60;0;0;1;1;0;2026-01-01;;2026-06-22;11;https://www.planalto.gov.br/ccivil_03/leis/lcp/lcp214.htm#art142;https://www.nfe.fazenda.gov.br/portal/exibirArquivo.aspx?conteudo=D5b4Ov84WDg=
200044;200;Alíquota reduzida em 60%;Operações e prestações de serviços de segurança da informação e segurança cibernética desenvolvidos por sociedade que tenha sócio brasileiro (Anexo XI);Operações e prestações de serviços de segurança da informação e segurança cibernética desenvolvidos por sociedade que tenha sócio brasileiro com o mínimo de 20% (vinte por cento) do seu capital social, relacionados no Anexo XI da Lei Complementar nº 214, de 2025, com a especificação das respectivas classificações da NBS e da NCM/SH, observado o art. 142 da Lei Complementar nº 214, de 2025.;Art. 142, II;Padrão;60;60;0;0;1;0;0;2026-01-01;;2026-06-22;11;https://www.planalto.gov.br/ccivil_03/leis/lcp/lcp214.htm#art142;https://www.nfe.fazenda.gov.br/portal/exibirArquivo.aspx?conteudo=D5b4Ov84WDg=
200045;200;Alíquota reduzida em 60%;Operações relacionadas a projetos de reabilitação urbana de zonas históricas e de áreas críticas de recuperação e reconversão urbanística;Operações relacionadas a projetos de reabilitação urbana de zonas históricas e de áreas críticas de recuperação e reconversão urbanística dos Municípios ou do Distrito Federal, a serem delimitadas por lei municipal ou distrital, observado o art. 158 da Lei Complementar nº 214, de 2025.;Art. 158;Padrão;60;60;0;0;1;0;0;2026-01-01;;2026-06-22;;https://www.planalto.gov.br/ccivil_03/leis/lcp/lcp214.htm#art158;https://www.nfe.fazenda.gov.br/portal/exibirArquivo.aspx?conteudo=D5b4Ov84WDg=
200046;200;Alíquota reduzida em 50%;Operações com bens imóveis;Operações com bens imóveis, observado o art. 261 da Lei Complementar nº 214, de 2025.;Art. 261;Padrão;50;50;0;0;1;0;0;2026-01-01;;2026-06-22;;https://www.planalto.gov.br/ccivil_03/leis/lcp/lcp214.htm#art261;https://www.nfe.fazenda.gov.br/portal/exibirArquivo.aspx?conteudo=D5b4Ov84WDg=
200047;200;Alíquota reduzida em 40%;Bares e Restaurantes;Bares e Restaurantes, observado o art. 275 da Lei Complementar nº 214, de 2025.;Art. 275;Padrão;40;40;0;0;1;1;1;2026-01-01;;2026-06-22;;https://www.planalto.gov.br/ccivil_03/leis/lcp/lcp214.htm#art275;https://www.nfe.fazenda.gov.br/portal/exibirArquivo.aspx?conteudo=D5b4Ov84WDg=
200048;200;Alíquota reduzida em 40%;Hotelaria, Parques de Diversão e Parques Temáticos;Hotelaria, Parques de Diversão e Parques Temáticos, observado o art. 281 da Lei Complementar nº 214, de 2025.;Art. 281;Padrão;40;40;0;0;1;0;0;2026-01-01;;2026-06-22;92811;https://www.planalto.gov.br/ccivil_03/leis/lcp/lcp214.htm#art281;https://www.nfe.fazenda.gov.br/portal/exibirArquivo.aspx?conteudo=D5b4Ov84WDg=
200049;200;Alíquota reduzida em 40%;Transporte coletivo de passageiros rodoviário, ferroviário e hidroviário;Transporte coletivo de passageiros rodoviário, ferroviário e hidroviário intermunicipais e interestaduais, observado o art. 286 da Lei Complementar nº 214, de 2025.;Art. 286;Padrão;40;40;0;0;1;0;0;2026-01-01;;2026-06-22;;https://www.planalto.gov.br/ccivil_03/leis/lcp/lcp214.htm#art286;https://www.nfe.fazenda.gov.br/portal/exibirArquivo.aspx?conteudo=D5b4Ov84WDg=
200050;200;Alíquota reduzida em 40%;Serviços de transporte aéreo regional coletivo de passageiros ou de carga;Serviços de transporte aéreo regional coletivo de passageiros ou de carga, observado o art. 287 da Lei Complementar nº 214, de 2025.;Art. 287;Padrão;40;40;0;0;1;0;0;2026-01-01;;2026-06-22;;https://www.planalto.gov.br/ccivil_03/leis/lcp/lcp214.htm#art287;https://www.nfe.fazenda.gov.br/portal/exibirArquivo.aspx?conteudo=D5b4Ov84WDg=
200051;200;Alíquota reduzida em 40%;Agências de Turismo;Agências de Turismo, observado o art. 289 da Lei Complementar nº 214, de 2025.;Art. 289, II;Padrão;40;40;0;0;1;0;0;2026-01-01;;2026-06-22;;https://www.planalto.gov.br/ccivil_03/leis/lcp/lcp214.htm#art289;https://www.nfe.fazenda.gov.br/portal/exibirArquivo.aspx?conteudo=D5b4Ov84WDg=
200052;200;Alíquota reduzida em 30%;Prestação de serviços de profissões intelectuais;Prestação de serviços das seguintes profissões intelectuais de natureza científica, literária ou artística, submetidas à fiscalização por conselho profissional: administradores, advogados, arquitetos e urbanistas, assistentes sociais, bibliotecários, biólogos, contabilistas, economistas, economistas domésticos, profissionais de educação física, engenheiros e agrônomos, estatísticos, médicos veterinários e zootecnistas, museólogos, químicos, profissionais de relações públicas, técnicos industriais e técnicos agrícolas, observado o art. 127 da Lei Complementar nº 214, de 2025.;Art. 127, I a XVIII;Padrão;30;30;0;0;1;0;0;2026-01-01;;2026-06-22;91271;https://www.planalto.gov.br/ccivil_03/leis/lcp/lcp214.htm#art127;https://www.nfe.fazenda.gov.br/portal/exibirArquivo.aspx?conteudo=D5b4Ov84WDg=
200053;200;Alíquota zero;Fornecimento de medicamentos registrados na Anvisa, quando classificados como soros ou vacinas;Fornecimento de medicamentos registrados na Anvisa, quando classificados como soros ou vacinas, observado o art. 146 da Lei Complementar nº 214, de 2025.;Art. 146, § 1º, III;Padrão;100;100;0;0;1;1;1;2026-01-01;;2026-06-22;;https://www.planalto.gov.br/ccivil_03/leis/lcp/lcp214.htm#art146;https://www.nfe.fazenda.gov.br/portal/exibirArquivo.aspx?conteudo=D5b4Ov84WDg=
200054;200;Alíquota zero;Fornecimento de bem material pela cooperativa de produção agropecuária a associado não sujeito ao regime regular do IBS e da CBS;Fornecimento de bem material pela cooperativa de produção agropecuária a associado não sujeito ao regime regular do IBS e da CBS com anulação de créditos referentes ao bem fornecido, observado o art. 271 da Lei Complementar nº 214, de 2025.;Art. 271, § 1º, II;Padrão;100;100;0;0;9;1;1;2026-01-01;;2026-06-22;;https://www.planalto.gov.br/ccivil_03/leis/lcp/lcp214.htm#art271;https://www.nfe.fazenda.gov.br/portal/exibirArquivo.aspx?conteudo=D5b4Ov84WDg=
220001;220;Alíquota fixa;Incorporação imobiliária submetida ao regime especial de tributação;Incorporação imobiliária submetida ao regime especial de tributação, observado o art. 485 da Lei Complementar nº 214, de 2025.;Art. 485, I;Fixa;0;0;0;0;9;0;0;2026-01-01;2026-01-01;2026-06-22;;https://www.planalto.gov.br/ccivil_03/leis/lcp/lcp214.htm#art485;https://www.nfe.fazenda.gov.br/portal/exibirArquivo.aspx?conteudo=D5b4Ov84WDg=
220002;220;Alíquota fixa;Incorporação imobiliária submetida ao regime especial de tributação;Incorporação imobiliária submetida ao regime especial de tributação, observado o art. 485 da Lei Complementar nº 214, de 2025.;Art. 485, II;Fixa;0;0;0;0;9;0;0;2026-01-01;2026-01-01;2026-06-22;;https://www.planalto.gov.br/ccivil_03/leis/lcp/lcp214.htm#art485;https://www.nfe.fazenda.gov.br/portal/exibirArquivo.aspx?conteudo=D5b4Ov84WDg=
220003;220;Alíquota fixa;Alienação de imóvel decorrente de parcelamento do solo;Alienação de imóvel decorrente de parcelamento do solo, observado o art. 486 da Lei Complementar nº 214, de 2025.;Art. 486;Fixa;0;0;0;0;1;0;0;2026-01-01;2026-01-01;2026-06-22;;https://www.planalto.gov.br/ccivil_03/leis/lcp/lcp214.htm#art486;https://www.nfe.fazenda.gov.br/portal/exibirArquivo.aspx?conteudo=D5b4Ov84WDg=
221001;221;Alíquota fixa proporcional;Locação, cessão onerosa ou arrendamento de bem imóvel com alíquota sobre a receita bruta;Locação, cessão onerosa ou arrendamento de bem imóvel com alíquota sobre a receita bruta, observado o art. 487 da Lei Complementar nº 214, de 2025.;Art. 487, § 2º;Fixa;0;0;0;0;1;0;0;2026-01-01;;2026-06-22;94871;https://www.planalto.gov.br/ccivil_03/leis/lcp/lcp214.htm#art487;https://www.nfe.fazenda.gov.br/portal/exibirArquivo.aspx?conteudo=D5b4Ov84WDg=
221002;221;Alíquota fixa proporcional;Incorporação imobiliária submetida ao regime especial de tributação;Incorporação imobiliária submetida ao regime especial de tributação, observado o art. 485 da Lei Complementar nº 214, de 2025.;Art. 485, I;Fixa;0;0;0;0;9;0;0;2026-01-01;;2026-06-22;;https://www.planalto.gov.br/ccivil_03/leis/lcp/lcp214.htm#art485;https://www.nfe.fazenda.gov.br/portal/exibirArquivo.aspx?conteudo=D5b4Ov84WDg=
221003;221;Alíquota fixa proporcional;Incorporação imobiliária submetida ao regime especial de tributação;Incorporação imobiliária submetida ao regime especial de tributação, observado o art. 485 da Lei Complementar nº 214, de 2025.;Art. 485, II;Fixa;0;0;0;0;9;0;0;2026-01-01;;2026-06-22;;https://www.planalto.gov.br/ccivil_03/leis/lcp/lcp214.htm#art485;https://www.nfe.fazenda.gov.br/portal/exibirArquivo.aspx?conteudo=D5b4Ov84WDg=
221004;221;Alíquota fixa proporcional;Alienação de imóvel decorrente de parcelamento do solo;Alienação de imóvel decorrente de parcelamento do solo, observado o art. 486 da Lei Complementar nº 214, de 2025.;Art. 486;Fixa;0;0;0;0;1;0;0;2026-01-01;;2026-06-22;;https://www.planalto.gov.br/ccivil_03/leis/lcp/lcp214.htm#art486;https://www.nfe.fazenda.gov.br/portal/exibirArquivo.aspx?conteudo=D5b4Ov84WDg=
222001;222;Redução de Base de Cálculo;Transporte internacional de passageiros, caso os trechos de ida e volta sejam vendidos em conjunto;Transporte internacional de passageiros, caso os trechos de ida e volta sejam vendidos em conjunto, a base de cálculo será a metade do valor cobrado, observado o Art. 12 § 8º da Lei Complementar nº 214, de 2025.;Art. 12 § 8º;Padrão;0;0;0;0;5;0;0;2026-01-01;;2026-06-22;;https://www.planalto.gov.br/ccivil_03/leis/lcp/lcp214.htm#art12;https://www.nfe.fazenda.gov.br/portal/exibirArquivo.aspx?conteudo=D5b4Ov84WDg=
400001;400;Isenção;Fornecimento de serviços de transporte público coletivo de passageiros rodoviário e metroviário;Fornecimento de serviços de transporte público coletivo de passageiros rodoviário e metroviário de caráter urbano, semiurbano e metropolitano, sob regime de autorização, permissão ou concessão pública, observado o art. 157 da Lei Complementar nº 214, de 2025.;Art. 157;Sem alíquota;0;0;0;0;1;0;0;2026-01-01;;2026-06-22;;https://www.planalto.gov.br/ccivil_03/leis/lcp/lcp214.htm#art157;https://www.nfe.fazenda.gov.br/portal/exibirArquivo.aspx?conteudo=D5b4Ov84WDg=
400002;400;Isenção;Fornecimento de serviços de transporte público coletivo de passageiros rodoviário e metroviário com medição por quilômetro rodado;Fornecimento de serviços de transporte público coletivo de passageiros rodoviário e metroviário de caráter urbano, semiurbano e metropolitano, sob regime de autorização, permissão ou concessão pública, com medição por quilômetro rodado, observado o art. 157 da Lei Complementar nº 214, de 2025.;Art. 157;Sem alíquota;0;0;0;0;1;0;0;2026-01-01;;2026-06-22;;https://www.planalto.gov.br/ccivil_03/leis/lcp/lcp214.htm#art157;https://www.nfe.fazenda.gov.br/portal/exibirArquivo.aspx?conteudo=D5b4Ov84WDg=
410001;410;Imunidade e não incidência;Fornecimento de bonificações quando constem no documento fiscal e que não dependam de evento posterior;Fornecimento de bonificações quando constem do respectivo documento fiscal e que não dependam de evento posterior, observado o art. 5º da Lei Complementar nº 214, de 2025.;Art. 5º, § 1º, I;Sem alíquota;0;0;0;0;0;1;1;2026-01-01;;2026-06-22;;https://www.planalto.gov.br/ccivil_03/leis/lcp/lcp214.htm#art5;https://www.nfe.fazenda.gov.br/portal/exibirArquivo.aspx?conteudo=D5b4Ov84WDg=
410002;410;Imunidade e não incidência;Transferências entre estabelecimentos pertencentes ao mesmo contribuinte;Transferências entre estabelecimentos pertencentes ao mesmo contribuinte, observado o art. 6º da Lei Complementar nº 214, de 2025.;Art. 6º, II;Sem alíquota;0;0;0;0;0;1;0;2026-01-01;;2026-06-22;;https://www.planalto.gov.br/ccivil_03/leis/lcp/lcp214.htm#art6;https://www.nfe.fazenda.gov.br/portal/exibirArquivo.aspx?conteudo=D5b4Ov84WDg=
410003;410;Imunidade e não incidência;Doações sem contraprestação em benefício do doador;Doações que não tenham por objeto bens ou serviços que tenham permitido a apropriação de créditos pelo doador, observado o art. 6º da Lei Complementar nº 214, de 2025.;Art. 6º, VIII;Sem alíquota;0;0;0;0;0;1;1;2026-01-01;;2026-06-22;;https://www.planalto.gov.br/ccivil_03/leis/lcp/lcp214.htm#art6;https://www.nfe.fazenda.gov.br/portal/exibirArquivo.aspx?conteudo=D5b4Ov84WDg=
410004;410;Imunidade e não incidência;Exportações de bens e serviços;Exportações de bens e serviços, observado o art. 8º da Lei Complementar nº 214, de 2025.;Art. 8º;Sem alíquota;0;0;0;0;3;1;0;2026-01-01;;2026-06-22;;https://www.planalto.gov.br/ccivil_03/leis/lcp/lcp214.htm#art8;https://www.nfe.fazenda.gov.br/portal/exibirArquivo.aspx?conteudo=D5b4Ov84WDg=
410005;410;Imunidade e não incidência;Fornecimentos realizados pela União, pelos Estados, pelo Distrito Federal e pelos Municípios;Fornecimentos realizados pela União, pelos Estados, pelo Distrito Federal e pelos Municípios, observado o art. 9º da Lei Complementar nº 214, de 2025.;Art. 9º, I e § 1º;Sem alíquota;0;0;0;0;9;1;1;2026-01-01;;2026-06-22;;https://www.planalto.gov.br/ccivil_03/leis/lcp/lcp214.htm#art9;https://www.nfe.fazenda.gov.br/portal/exibirArquivo.aspx?conteudo=D5b4Ov84WDg=
410006;410;Imunidade e não incidência;Fornecimentos realizados por entidades religiosas e templos de qualquer culto;Fornecimentos realizados por entidades religiosas e templos de qualquer culto, inclusive suas organizações assistenciais e beneficentes, observado o art. 9º da Lei Complementar nº 214, de 2025.;Art. 9º, II;Sem alíquota;0;0;0;0;9;1;1;2026-01-01;;2026-06-22;;https://www.planalto.gov.br/ccivil_03/leis/lcp/lcp214.htm#art9;https://www.nfe.fazenda.gov.br/portal/exibirArquivo.aspx?conteudo=D5b4Ov84WDg=
410007;410;Imunidade e não incidência;Fornecimentos realizados por partidos políticos, entidades sindicais e instituições de educação e de assistência social;Fornecimentos realizados por partidos políticos, inclusive suas fundações, entidades sindicais dos trabalhadores e instituições de educação e de assistência social, sem fins lucrativos, observado o art. 9º da Lei Complementar nº 214, de 2025.;Art. 9º, III;Sem alíquota;0;0;0;0;9;1;1;2026-01-01;;2026-06-22;;https://www.planalto.gov.br/ccivil_03/leis/lcp/lcp214.htm#art9;https://www.nfe.fazenda.gov.br/portal/exibirArquivo.aspx?conteudo=D5b4Ov84WDg=
410008;410;Imunidade e não incidência;Fornecimentos de livros, jornais, periódicos e do papel destinado a sua impressão;Fornecimentos de livros, jornais, periódicos e do papel destinado a sua impressão, observado o art. 9º da Lei Complementar nº 214, de 2025.;Art. 9º, IV;Sem alíquota;0;0;0;0;2;1;1;2026-01-01;;2026-06-22;;https://www.planalto.gov.br/ccivil_03/leis/lcp/lcp214.htm#art9;https://www.nfe.fazenda.gov.br/portal/exibirArquivo.aspx?conteudo=D5b4Ov84WDg=
410009;410;Imunidade e não incidência;Fornecimentos de fonogramas e videofonogramas musicais produzidos no Brasil;Fornecimentos de fonogramas e videofonogramas musicais produzidos no Brasil contendo obras musicais ou literomusicais de autores brasileiros e/ou obras em geral interpretadas por artistas brasileiros, bem como os suportes materiais ou arquivos digitais que os contenham, salvo na etapa de replicação industrial de mídias ópticas de leitura a laser, observado o art. 9º da Lei Complementar nº 214, de 2025.;Art. 9º, V;Sem alíquota;0;0;0;0;2;1;1;2026-01-01;;2026-06-22;;https://www.planalto.gov.br/ccivil_03/leis/lcp/lcp214.htm#art9;https://www.nfe.fazenda.gov.br/portal/exibirArquivo.aspx?conteudo=D5b4Ov84WDg=
410010;410;Imunidade e não incidência;Fornecimentos de serviço de comunicação nas modalidades de radiodifusão sonora e de sons e imagens de recepção livre e gratuita;Fornecimentos de serviço de comunicação nas modalidades de radiodifusão sonora e de sons e imagens de recepção livre e gratuita, observado o art. 9º da Lei Complementar nº 214, de 2025.;Art. 9º, VI;Sem alíquota;0;0;0;0;2;0;0;2026-01-01;;2026-06-22;;https://www.planalto.gov.br/ccivil_03/leis/lcp/lcp214.htm#art9;https://www.nfe.fazenda.gov.br/portal/exibirArquivo.aspx?conteudo=D5b4Ov84WDg=
410011;410;Imunidade e não incidência;Fornecimentos de ouro, quando definido em lei como ativo financeiro ou instrumento cambial;Fornecimentos de ouro, quando definido em lei como ativo financeiro ou instrumento cambial, observado o art. 9º da Lei Complementar nº 214, de 2025.;Art. 9º, VII;Sem alíquota;0;0;0;0;2;0;0;2026-01-01;;2026-06-22;;https://www.planalto.gov.br/ccivil_03/leis/lcp/lcp214.htm#art9;https://www.nfe.fazenda.gov.br/portal/exibirArquivo.aspx?conteudo=D5b4Ov84WDg=
410012;410;Imunidade e não incidência;Fornecimento de condomínio edilício não optante pelo regime regular;Fornecimento de condomínio edilício não optante pelo regime regular, observado o art. 26 da Lei Complementar nº 214, de 2025.;Art. 26, § 2º, II;Sem alíquota;0;0;0;0;9;1;1;2026-01-01;;2026-06-22;;https://www.planalto.gov.br/ccivil_03/leis/lcp/lcp214.htm#art26;https://www.nfe.fazenda.gov.br/portal/exibirArquivo.aspx?conteudo=D5b4Ov84WDg=
410013;410;Imunidade e não incidência;Exportações de combustíveis;Exportações de combustíveis, observado o art. 98 da Lei Complementar nº 214, de 2025.;Art. 98;Sem alíquota;0;0;0;0;3;1;0;2026-01-01;;2026-06-22;;https://www.planalto.gov.br/ccivil_03/leis/lcp/lcp214.htm#art98;https://www.nfe.fazenda.gov.br/portal/exibirArquivo.aspx?conteudo=D5b4Ov84WDg=
410014;410;Imunidade e não incidência;Fornecimento de produtor rural não contribuinte;Fornecimento de produtor rural não contribuinte, observado o art. 164 da Lei Complementar nº 214, de 2025.;Art. 164;Sem alíquota;0;0;0;1;1;1;1;2026-01-01;;2026-06-22;;https://www.planalto.gov.br/ccivil_03/leis/lcp/lcp214.htm#art164;https://www.nfe.fazenda.gov.br/portal/exibirArquivo.aspx?conteudo=D5b4Ov84WDg=
410015;410;Imunidade e não incidência;Fornecimento por transportador autônomo não contribuinte;Fornecimento por transportador autônomo não contribuinte, observado o art. 169 da Lei Complementar nº 214, de 2025.;Art. 169;Sem alíquota;0;0;0;0;9;0;0;2026-01-01;;2026-06-22;;https://www.planalto.gov.br/ccivil_03/leis/lcp/lcp214.htm#art169;https://www.nfe.fazenda.gov.br/portal/exibirArquivo.aspx?conteudo=D5b4Ov84WDg=
410016;410;Imunidade e não incidência;Fornecimento ou aquisição de resíduos sólidos;Fornecimento ou aquisição de resíduos sólidos, observado o art. 170 da Lei Complementar nº 214, de 2025.;Art. 170;Sem alíquota;0;0;0;1;1;1;0;2026-01-01;;2026-06-22;;https://www.planalto.gov.br/ccivil_03/leis/lcp/lcp214.htm#art170;https://www.nfe.fazenda.gov.br/portal/exibirArquivo.aspx?conteudo=D5b4Ov84WDg=
410017;410;Imunidade e não incidência;Aquisição de bem móvel com crédito presumido sob condição de revenda realizada;Aquisição de bem móvel com crédito presumido sob condição de revenda realizada, observado o art. 171 da Lei Complementar nº 214, de 2025.;Art. 171;Sem alíquota;0;0;0;0;0;1;0;2026-01-01;;2026-06-22;;https://www.planalto.gov.br/ccivil_03/leis/lcp/lcp214.htm#art171;https://www.nfe.fazenda.gov.br/portal/exibirArquivo.aspx?conteudo=D5b4Ov84WDg=
410018;410;Imunidade e não incidência;Operações relacionadas aos fundos garantidores e executores de políticas públicas;Operações relacionadas aos fundos garantidores e executores de políticas públicas, inclusive de habitação, previstos em lei, assim entendidas os serviços prestados ao fundo pelo seu agente operador e por entidade encarregada da sua administração, observado o art. 213 da Lei Complementar nº 214, de 2025.;Art. 213;Sem alíquota;0;0;0;0;9;0;0;2026-01-01;;2026-06-22;;https://www.planalto.gov.br/ccivil_03/leis/lcp/lcp214.htm#art213;https://www.nfe.fazenda.gov.br/portal/exibirArquivo.aspx?conteudo=D5b4Ov84WDg=
410019;410;Imunidade e não incidência;Exclusão da gorjeta na base de cálculo no fornecimento de alimentação;Exclusão da gorjeta na base de cálculo no fornecimento de alimentação, observado o art. 274 da Lei Complementar nº 214, de 2025.;Art. 274, I;Sem alíquota;0;0;0;0;1;1;1;2026-01-01;;2026-06-22;;https://www.planalto.gov.br/ccivil_03/leis/lcp/lcp214.htm#art274;https://www.nfe.fazenda.gov.br/portal/exibirArquivo.aspx?conteudo=D5b4Ov84WDg=
410020;410;Imunidade e não incidência;Exclusão do valor de intermediação na base de cálculo no fornecimento de alimentação;Exclusão do valor de intermediação na base de cálculo no fornecimento de alimentação, observado o art. 274 da Lei Complementar nº 214, de 2025.;Art. 274, II;Sem alíquota;0;0;0;0;1;1;1;2026-01-01;;2026-06-22;;https://www.planalto.gov.br/ccivil_03/leis/lcp/lcp214.htm#art274;https://www.nfe.fazenda.gov.br/portal/exibirArquivo.aspx?conteudo=D5b4Ov84WDg=
410021;410;Imunidade e não incidência;Contribuição de que trata o art. 149-A da Constituição Federal;Contribuição de que trata o art. 149-A da Constituição Federal, observado o art. 12 da Lei Complementar nº 214, de 2025.;Art. 12 § 2º;Sem alíquota;0;0;0;0;9;0;0;2026-01-01;;2026-06-22;;https://www.planalto.gov.br/ccivil_03/leis/lcp/lcp214.htm#art12;https://www.nfe.fazenda.gov.br/portal/exibirArquivo.aspx?conteudo=D5b4Ov84WDg=
410022;410;Imunidade e não incidência;Consolidação da propriedade do bem pelo credor;Consolidação da propriedade pelo credor de bens móveis ou imóveis que tenham sido objeto de garantia, observado o art. 200 da Lei Complementar nº 214, de 2025.;Art. 200, I;Sem alíquota;0;0;0;0;0;0;0;2026-01-01;;2026-06-22;;https://www.planalto.gov.br/ccivil_03/leis/lcp/lcp214.htm#art200;https://www.nfe.fazenda.gov.br/portal/exibirArquivo.aspx?conteudo=D5b4Ov84WDg=
410023;410;Imunidade e não incidência;Alienação de bens móveis ou imóveis que tenham sido objeto de garantia em que o prestador da garantia não seja contribuinte;Alienação de bens móveis ou imóveis que tenham sido objeto de garantia constituída em favor de credor em que o prestador da garantia não seja contribuinte, observado o art. 200 da Lei Complementar nº 214, de 2025.;Art. 200, II, a;Sem alíquota;0;0;0;0;9;0;0;2026-01-01;;2026-06-22;;https://www.planalto.gov.br/ccivil_03/leis/lcp/lcp214.htm#art200;https://www.nfe.fazenda.gov.br/portal/exibirArquivo.aspx?conteudo=D5b4Ov84WDg=
410024;410;Imunidade e não incidência;Consolidação da propriedade do bem pelo grupo de consórcio;Consolidação da propriedade pelo grupo de consórcio de bem que tenha sido objeto de garantia, observado o art. 204 da Lei Complementar nº 214, de 2025.;Art. 204, § 3º, I;Sem alíquota;0;0;0;0;1;0;0;2026-01-01;;2026-06-22;;https://www.planalto.gov.br/ccivil_03/leis/lcp/lcp214.htm#art204;https://www.nfe.fazenda.gov.br/portal/exibirArquivo.aspx?conteudo=D5b4Ov84WDg=
410025;410;Imunidade e não incidência;Alienação de bem que tenha sido objeto de garantia em que o prestador da garantia não seja contribuinte;Alienação de bem que tenha sido objeto de garantia constituída em favor do grupo de consórcio em que o prestador da garantia não seja contribuinte, observado o art. 204 da Lei Complementar nº 214, de 2025.;Art. 204, § 3º II, a;Sem alíquota;0;0;0;0;9;0;0;2026-01-01;;2026-06-22;;https://www.planalto.gov.br/ccivil_03/leis/lcp/lcp214.htm#art204;https://www.nfe.fazenda.gov.br/portal/exibirArquivo.aspx?conteudo=D5b4Ov84WDg=
410026;410;Imunidade e não incidência;Doação com anulação de crédito;Doações sem contraprestação em benefício do doador, com anulação de crédito apropriados pelo doador referente ao fornecimento doado, observado o art. 6º da Lei Complementar nº 214, de 2025.;Art. 6º, § 2º II;Sem alíquota;0;0;0;0;0;1;1;2026-01-01;;2026-06-22;;https://www.planalto.gov.br/ccivil_03/leis/lcp/lcp214.htm#art6;https://www.nfe.fazenda.gov.br/portal/exibirArquivo.aspx?conteudo=D5b4Ov84WDg=
410027;410;Imunidade e não incidência;Exportação de serviço ou de bem imaterial;Fornecimento de bens e serviços, desde que vinculados direta e exclusivamente à exportação de bens materiais ou associados à entrega no exterior de bens materiais, observado o art. 6º da Lei Complementar nº 214, de 2025.;Art. 80 II;Sem alíquota;0;0;0;0;3;1;0;2026-01-01;;2026-06-22;;https://www.planalto.gov.br/ccivil_03/leis/lcp/lcp214.htm#art80;https://www.nfe.fazenda.gov.br/portal/exibirArquivo.aspx?conteudo=D5b4Ov84WDg=
410028;410;Imunidade e não incidência;Operações com bens imóveis realizadas por pessoas físicas não consideradas contribuintes;Operações com bens imóveis realizadas por pessoas físicas não consideradas contribuintes do regime regular do IBS e da CBS, observado o art. 251 da Lei Complementar nº 214, de 2025.;Art. 251, § 1º;Sem alíquota;0;0;0;0;9;0;0;2026-01-01;;2026-06-22;;https://www.planalto.gov.br/ccivil_03/leis/lcp/lcp214.htm#art251;https://www.nfe.fazenda.gov.br/portal/exibirArquivo.aspx?conteudo=D5b4Ov84WDg=
410029;410;Imunidade e não incidência;Operações acobertadas somente pelo ICMS;Operações não sujeitas à incidência de IBS e de CBS, alcançadas apenas por obrigação acessória do ICMS, observado o art. 4º da Lei Complementar nº 214, de 2025.;Art. 4º;Sem alíquota;0;0;0;0;0;1;1;2026-01-01;;2026-06-22;;https://www.planalto.gov.br/ccivil_03/leis/lcp/lcp214.htm#art4;https://www.nfe.fazenda.gov.br/portal/exibirArquivo.aspx?conteudo=D5b4Ov84WDg=
410030;410;Imunidade e não incidência;Estorno de crédito por perecimento, deteriorização, roubo, furto ou extravio.;Estorno de crédito apropriado de bens adquiridos e venham a perecer, deteriorar-se ou ser objeto de roubo, furto ou extravio, observado o art. 47 da Lei Complementar nº 214, de 2025.;Art. 47, § 6º;Sem alíquota;0;0;0;0;0;1;0;2026-01-01;;2026-06-22;;https://www.planalto.gov.br/ccivil_03/leis/lcp/lcp214.htm#art47;https://www.nfe.fazenda.gov.br/portal/exibirArquivo.aspx?conteudo=D5b4Ov84WDg=
410031;410;Imunidade e não incidência;Fornecimento em período anterior ao início de vigência de incidências de CBS e IBS;Fornecimento em período anterior ao início de vigência de incidências de CBS e IBS, observado o art. 544 da Lei Complementar nº 214, de 2025.;Art. 544, VI;Sem alíquota;0;0;0;0;1;1;0;2026-01-01;;2026-06-22;;https://www.planalto.gov.br/ccivil_03/leis/lcp/lcp214.htm#art544;https://www.nfe.fazenda.gov.br/portal/exibirArquivo.aspx?conteudo=D5b4Ov84WDg=
410032;410;Imunidade e não incidência;Tributos incidentes na operação que não integram a base de cálculo do IBS e da CBS;Tributos incidentes na operação que não integram a base de cálculo do IBS e da CBS, observado o art. 12 da Lei Complementar nº 214, de 2025.;Art. 12, §2º V;Sem alíquota;0;0;0;0;0;0;0;2026-01-01;;2026-06-22;;https://www.planalto.gov.br/ccivil_03/leis/lcp/lcp214.htm#art12;https://www.nfe.fazenda.gov.br/portal/exibirArquivo.aspx?conteudo=D5b4Ov84WDg=
410033;410;Imunidade e não incidência;Operações de Fundos de Investimento Imobiliário (FII) e Fundos de Investimento nas Cadeias Produtivas do Agronegócio (Fiagro);Operações com bens imóveis, inclusive operações com direitos reais sobre bens imóveis, realizadas por Fundos de Investimento Imobiliário (FII) e Fundos de Investimento nas Cadeias Produtivas do Agronegócio (Fiagro), observado o art. 26 da Lei Complementar nº 214, de 2025.;Art. 26, § 5º-A, I e II;Sem alíquota;0;0;0;0;9;0;0;2026-01-01;;2026-06-22;;https://www.planalto.gov.br/ccivil_03/leis/lcp/lcp214.htm#art26;https://www.nfe.fazenda.gov.br/portal/exibirArquivo.aspx?conteudo=D5b4Ov84WDg=
410034;410;Imunidade e não incidência;Operações de fundos de investimento;Fundos de investimento cujo patrimônio seja constituído exclusivamente por aplicações em participações societárias, certificados, direitos, títulos, valores mobiliários e demais ativos financeiros permitidos pela Comissão de Valores Mobiliários, observado o art. 26 da Lei Complementar nº 214, de 2025.;Art. 26, § 5º-A, III;Sem alíquota;0;0;0;0;9;0;0;2026-01-01;;2026-06-22;;https://www.planalto.gov.br/ccivil_03/leis/lcp/lcp214.htm#art26;https://www.nfe.fazenda.gov.br/portal/exibirArquivo.aspx?conteudo=D5b4Ov84WDg=
410035;410;Imunidade e não incidência;Fornecimento realizado por nanoempreendedor;Fornecimento realizado por nanoempreendedor, observado o art. 26 da Lei Complementar nº 214, de 2025.;Art. 26, IV;Sem alíquota;0;0;0;0;9;1;1;2026-01-01;;2026-06-22;;https://www.planalto.gov.br/ccivil_03/leis/lcp/lcp214.htm#art26;https://www.nfe.fazenda.gov.br/portal/exibirArquivo.aspx?conteudo=D5b4Ov84WDg=
410036;410;Imunidade e não incidência;Descontos incondicionais;Descontos incondicionais, observado o art. 12 da Lei Complementar nº 214, de 2025.;Art. 12, §2º III;Sem alíquota;0;0;0;0;0;0;0;2026-01-01;;2026-06-22;;https://www.planalto.gov.br/ccivil_03/leis/lcp/lcp214.htm#art12;https://www.nfe.fazenda.gov.br/portal/exibirArquivo.aspx?conteudo=D5b4Ov84WDg=
410037;410;Imunidade e não incidência;Importação os bens materiais sem incidência de IBS e CBS;Importação os bens materiais sem incidência de IBS e CBS, observado o art. 66 da Lei Complementar nº 214, de 2025.;Art. 66, I,III e VII;Sem alíquota;0;0;0;0;0;0;0;2026-01-01;;2026-06-22;;https://www.planalto.gov.br/ccivil_03/leis/lcp/lcp214.htm#art66;https://www.nfe.fazenda.gov.br/portal/exibirArquivo.aspx?conteudo=D5b4Ov84WDg=
410999;410;Imunidade e não incidência;Operações não onerosas sem previsão de tributação, não especificadas anteriormente;Operações não onerosas sem previsão de tributação, não especificadas anteriormente, observado o art. 4º da Lei Complementar nº 214, de 2025.;Art. 4º, § 1º;Sem alíquota;0;0;0;0;0;1;1;2026-01-01;;2026-06-22;;https://www.planalto.gov.br/ccivil_03/leis/lcp/lcp214.htm#art4;https://www.nfe.fazenda.gov.br/portal/exibirArquivo.aspx?conteudo=D5b4Ov84WDg=
510001;510;Diferimento;Operações, sujeitas a diferimento, com energia elétrica, relativas à importação, geração, comercialização, distribuição e transmissão;Operações, sujeitas a diferimento, com energia elétrica ou com direitos a ela relacionados, relativas à importação, geração, comercialização, distribuição e transmissão, observado o art. 28 da Lei Complementar nº 214, de 2025.;Art. 28, § 1º;Sem alíquota;0;0;0;0;2;1;0;2026-01-01;;2026-06-22;90281;https://www.planalto.gov.br/ccivil_03/leis/lcp/lcp214.htm#art28;https://www.nfe.fazenda.gov.br/portal/exibirArquivo.aspx?conteudo=D5b4Ov84WDg=
515001;515;Diferimento com redução de alíquota;Operações, sujeitas a diferimento, com insumos agropecuários e aquícolas (Anexo IX);Operações, sujeitas a diferimento, com insumos agropecuários e aquícolas, observado o art. 138 da Lei Complementar nº 214, de 2025.;Art. 138, § 2º;Padrão;60;60;0;0;1;1;0;2026-01-01;;2026-06-22;9;https://www.planalto.gov.br/ccivil_03/leis/lcp/lcp214.htm#art138;https://www.nfe.fazenda.gov.br/portal/exibirArquivo.aspx?conteudo=D5b4Ov84WDg=
550001;550;Suspensão;Exportações de bens materiais;Exportações de bens materiais, observado o art. 82 da Lei Complementar nº 214, de 2025.;Art. 82;Sem alíquota;0;0;1;0;4;1;0;2026-01-01;;2026-06-22;;https://www.planalto.gov.br/ccivil_03/leis/lcp/lcp214.htm#art82;https://www.nfe.fazenda.gov.br/portal/exibirArquivo.aspx?conteudo=D5b4Ov84WDg=
550002;550;Suspensão;Regime de Trânsito;Regime de Trânsito, observado o art. 84 da Lei Complementar nº 214, de 2025.;Art. 84;Sem alíquota;0;0;1;0;0;0;0;2026-01-01;;2026-06-22;;https://www.planalto.gov.br/ccivil_03/leis/lcp/lcp214.htm#art84;https://www.nfe.fazenda.gov.br/portal/exibirArquivo.aspx?conteudo=D5b4Ov84WDg=
550003;550;Suspensão;Regimes de Depósito (art. 85);Regimes de Depósito, observado o art. 85 da Lei Complementar nº 214, de 2025.;Art. 85;Sem alíquota;0;0;1;0;0;1;0;2026-01-01;;2026-06-22;;https://www.planalto.gov.br/ccivil_03/leis/lcp/lcp214.htm#art85;https://www.nfe.fazenda.gov.br/portal/exibirArquivo.aspx?conteudo=D5b4Ov84WDg=
550004;550;Suspensão;Regimes de Depósito (art. 87);Regimes de Depósito, observado o art. 87 da Lei Complementar nº 214, de 2025.;Art. 87;Sem alíquota;0;0;1;0;4;1;0;2026-01-01;;2026-06-22;;https://www.planalto.gov.br/ccivil_03/leis/lcp/lcp214.htm#art87;https://www.nfe.fazenda.gov.br/portal/exibirArquivo.aspx?conteudo=D5b4Ov84WDg=
550005;550;Suspensão;Regimes de Depósito (art. 87, Parágrafo único);Regimes de Depósito, observado o art. 87 da Lei Complementar nº 214, de 2025.;Art. 87, parágrafo único;Sem alíquota;0;0;1;0;4;1;0;2026-01-01;;2026-06-22;;https://www.planalto.gov.br/ccivil_03/leis/lcp/lcp214.htm#art87;https://www.nfe.fazenda.gov.br/portal/exibirArquivo.aspx?conteudo=D5b4Ov84WDg=
550006;550;Suspensão;Regimes de Permanência Temporária;Regimes de Permanência Temporária, observado o art. 88 da Lei Complementar nº 214, de 2025.;Art. 88;Sem alíquota;0;0;1;0;0;1;0;2026-01-01;;2026-06-22;;https://www.planalto.gov.br/ccivil_03/leis/lcp/lcp214.htm#art88;https://www.nfe.fazenda.gov.br/portal/exibirArquivo.aspx?conteudo=D5b4Ov84WDg=
550007;550;Suspensão;Regimes de Aperfeiçoamento;Regimes de Aperfeiçoamento, observado o art. 90 da Lei Complementar nº 214, de 2025.;Art. 90;Sem alíquota;0;0;1;0;0;1;0;2026-01-01;;2026-06-22;;https://www.planalto.gov.br/ccivil_03/leis/lcp/lcp214.htm#art90;https://www.nfe.fazenda.gov.br/portal/exibirArquivo.aspx?conteudo=D5b4Ov84WDg=
550008;550;Suspensão;Importação de bens para o Regime de Repetro-Temporário;Importação de bens para o Regime de Repetro-Temporário, de que tratam o inciso I do art. 93 da Lei Complementar nº 214, de 2025.;Art. 93, I;Sem alíquota;0;0;1;0;0;1;0;2026-01-01;;2026-06-22;;https://www.planalto.gov.br/ccivil_03/leis/lcp/lcp214.htm#art93;https://www.nfe.fazenda.gov.br/portal/exibirArquivo.aspx?conteudo=D5b4Ov84WDg=
550009;550;Suspensão;GNL-Temporário;GNL-Temporário, de que trata o inciso II do art. 93 da Lei Complementar nº 214, de 2025.;Art. 93, II;Sem alíquota;0;0;1;0;0;1;0;2026-01-01;;2026-06-22;;https://www.planalto.gov.br/ccivil_03/leis/lcp/lcp214.htm#art93;https://www.nfe.fazenda.gov.br/portal/exibirArquivo.aspx?conteudo=D5b4Ov84WDg=
550010;550;Suspensão;Repetro-Permanente;Repetro-Permanente, de que trata o inciso III do art. 93 da Lei Complementar nº 214, de 2025.;Art. 93, III;Sem alíquota;0;0;1;0;0;1;0;2026-01-01;;2026-06-22;;https://www.planalto.gov.br/ccivil_03/leis/lcp/lcp214.htm#art93;https://www.nfe.fazenda.gov.br/portal/exibirArquivo.aspx?conteudo=D5b4Ov84WDg=
550011;550;Suspensão;Repetro-Industrialização;Repetro-Industrialização, de que trata o inciso IV do art. 93 da Lei Complementar nº 214, de 2025.;Art. 93, IV;Sem alíquota;0;0;1;0;1;1;0;2026-01-01;;2026-06-22;;https://www.planalto.gov.br/ccivil_03/leis/lcp/lcp214.htm#art93;https://www.nfe.fazenda.gov.br/portal/exibirArquivo.aspx?conteudo=D5b4Ov84WDg=
550012;550;Suspensão;Repetro-Nacional;Repetro-Nacional, de que trata o inciso V do art. 93 da Lei Complementar nº 214, de 2025.;Art. 93, V;Sem alíquota;0;0;1;0;1;1;0;2026-01-01;;2026-06-22;;https://www.planalto.gov.br/ccivil_03/leis/lcp/lcp214.htm#art93;https://www.nfe.fazenda.gov.br/portal/exibirArquivo.aspx?conteudo=D5b4Ov84WDg=
550013;550;Suspensão;Repetro-Entreposto;Repetro-Entreposto, de que trata o inciso VI do art. 93 da Lei Complementar nº 214, de 2025.;Art. 93, VI;Sem alíquota;0;0;1;0;1;1;0;2026-01-01;;2026-06-22;;https://www.planalto.gov.br/ccivil_03/leis/lcp/lcp214.htm#art93;https://www.nfe.fazenda.gov.br/portal/exibirArquivo.aspx?conteudo=D5b4Ov84WDg=
550014;550;Suspensão;Zona de Processamento de Exportação;Zona de Processamento de Exportação, observado os arts. 99, 100 e 102 da Lei Complementar nº 214, de 2025.;Arts. 99, 100 e 102;Sem alíquota;0;0;1;0;4;1;0;2026-01-01;;2026-06-22;;https://www.planalto.gov.br/ccivil_03/leis/lcp/lcp214.htm#art99;https://www.nfe.fazenda.gov.br/portal/exibirArquivo.aspx?conteudo=D5b4Ov84WDg=
550015;550;Suspensão;Regime Tributário para Incentivo à Modernização e à Ampliação da Estrutura Portuária;Regime Tributário para Incentivo à Modernização e à Ampliação da Estrutura Portuária - Reporto, observado o art. 105 da Lei Complementar nº 214, de 2025.;Art. 105;Sem alíquota;0;0;1;0;1;1;0;2026-01-01;;2026-06-22;;https://www.planalto.gov.br/ccivil_03/leis/lcp/lcp214.htm#art105;https://www.nfe.fazenda.gov.br/portal/exibirArquivo.aspx?conteudo=D5b4Ov84WDg=
550016;550;Suspensão;Regime Especial de Incentivos para o Desenvolvimento da Infraestrutura;Regime Especial de Incentivos para o Desenvolvimento da Infraestrutura - Reidi, observado o art. 106 da Lei Complementar nº 214, de 2025.;Art. 106;Sem alíquota;0;0;1;0;1;1;0;2026-01-01;;2026-06-22;;https://www.planalto.gov.br/ccivil_03/leis/lcp/lcp214.htm#art106;https://www.nfe.fazenda.gov.br/portal/exibirArquivo.aspx?conteudo=D5b4Ov84WDg=
550017;550;Suspensão;Regime Tributário para Incentivo à Atividade Naval - Renaval (Art. 107, I);Fornecimentos de embarcações registradas ou pré-registradas no Registro Especial Brasileiro - REB para incorporação ao ativo imobilizado de adquirente sujeito ao regime regular do IBS e da CBS, observado o art. 107 da Lei Complementar nº 214, de 2025.;Art. 107, I;Sem alíquota;0;0;1;0;1;1;0;2026-01-01;;2026-06-22;;https://www.planalto.gov.br/ccivil_03/leis/lcp/lcp214.htm#art107;https://www.nfe.fazenda.gov.br/portal/exibirArquivo.aspx?conteudo=D5b4Ov84WDg=
550018;550;Suspensão;Desoneração da aquisição de bens de capital;Desoneração da aquisição de bens de capital, observado o art. 109 da Lei Complementar nº 214, de 2025.;Art. 109;Sem alíquota;0;0;1;0;1;1;0;2026-01-01;;2026-06-22;;https://www.planalto.gov.br/ccivil_03/leis/lcp/lcp214.htm#art109;https://www.nfe.fazenda.gov.br/portal/exibirArquivo.aspx?conteudo=D5b4Ov84WDg=
550019;550;Suspensão;Importação de bem material por indústria incentivada para utilização na ZFM;Importação de bem material por indústria incentivada para utilização na Zona Franca de Manaus, observado o art. 443 da Lei Complementar nº 214, de 2025.;Art. 443;Sem alíquota;0;0;1;0;0;1;0;2026-01-01;;2026-06-22;;https://www.planalto.gov.br/ccivil_03/leis/lcp/lcp214.htm#art443;https://www.nfe.fazenda.gov.br/portal/exibirArquivo.aspx?conteudo=D5b4Ov84WDg=
550020;550;Suspensão;Áreas de livre comércio;Áreas de livre comércio, observado o art. 461 da Lei Complementar nº 214, de 2025.;Art. 461;Sem alíquota;0;0;1;0;0;1;0;2026-01-01;;2026-06-22;;https://www.planalto.gov.br/ccivil_03/leis/lcp/lcp214.htm#art461;https://www.nfe.fazenda.gov.br/portal/exibirArquivo.aspx?conteudo=D5b4Ov84WDg=
550021;550;Suspensão;Industrialização destinada a exportações;Fornecimento de produtos agropecuários in natura para contribuinte do regime regular que promova industrialização destinada a exportação, observado o art. 82 da Lei Complementar nº 214, de 2025.;Art. 82, § 11;Sem alíquota;0;0;1;0;4;1;0;2026-01-01;;2026-06-22;;https://www.planalto.gov.br/ccivil_03/leis/lcp/lcp214.htm#art82;https://www.nfe.fazenda.gov.br/portal/exibirArquivo.aspx?conteudo=D5b4Ov84WDg=
550022;550;Suspensão;Regime Especial de Incentivos para a Produção de Hidrogênio de Baixa Emissão de Carbono (Rehidro);Regime Especial de Incentivos para a Produção de Hidrogênio de Baixa Emissão de Carbono (Rehidro), observado o art. 106 da Lei Complementar nº 214, de 2025.;Art. 106, § 7º;Sem alíquota;0;0;1;0;1;1;0;2026-01-01;;2026-06-22;;https://www.planalto.gov.br/ccivil_03/leis/lcp/lcp214.htm#art106;https://www.nfe.fazenda.gov.br/portal/exibirArquivo.aspx?conteudo=D5b4Ov84WDg=
550023;550;Suspensão;Operações com hidrocarbonetos líquidos derivados de petróleo não combustíveis ou de gás natural, inclusive nafta;Operações com hidrocarbonetos líquidos derivados de petróleo não combustíveis ou de gás natural, inclusive nafta, observado o art. 172 da Lei Complementar nº 214, de 2025.;Art. 172, § 2º;Sem alíquota;0;0;1;0;1;1;0;2026-01-01;;2026-06-22;;https://www.planalto.gov.br/ccivil_03/leis/lcp/lcp214.htm#art172;https://www.nfe.fazenda.gov.br/portal/exibirArquivo.aspx?conteudo=D5b4Ov84WDg=
550024;550;Suspensão;Regime Tributário para Incentivo à Atividade Naval - Renaval (Art. 107, II);Importações e nas aquisições no mercado interno de máquinas, equipamentos e veículos destinados a utilização nas atividades de que trata o inciso IIIdo art. 107 efetuadas para incorporação a seu ativo imobilizado, observado o art. 107 da Lei Complementar nº 214, de 2025.;Art. 107, II;Sem alíquota;0;0;1;0;1;0;0;2026-01-01;;2026-06-22;;https://www.planalto.gov.br/ccivil_03/leis/lcp/lcp214.htm#art107;https://www.nfe.fazenda.gov.br/portal/exibirArquivo.aspx?conteudo=D5b4Ov84WDg=
550025;550;Suspensão;Regime Tributário para Incentivo à Atividade Naval - Renaval (Art. 107, III);Importações e nas aquisições no mercado interno de matérias-primas, produtos intermediários, partes, peças e componentes para utilização na construção, conservação, modernização e reparo de embarcações pré-registradas ou registradas no REB, observado o art. 107 da Lei Complementar nº 214, de 2025.;Art. 107, III;Sem alíquota;0;0;1;0;1;0;0;2026-01-01;;2026-06-22;;https://www.planalto.gov.br/ccivil_03/leis/lcp/lcp214.htm#art107;https://www.nfe.fazenda.gov.br/portal/exibirArquivo.aspx?conteudo=D5b4Ov84WDg=
620001;620;Tributação monofásica;Tributação monofásica sobre combustíveis;Tributação monofásica sobre combustíveis, observados os art. 172 da Lei Complementar nº 214, de 2025.;Art. 172;Uniforme setorial;0;0;0;0;9;1;0;2026-01-01;;2026-06-22;91721;https://www.planalto.gov.br/ccivil_03/leis/lcp/lcp214.htm#art172;https://www.nfe.fazenda.gov.br/portal/exibirArquivo.aspx?conteudo=D5b4Ov84WDg=
620002;620;Tributação monofásica;Tributação monofásica com responsabilidade pela retenção sobre combustíveis;Tributação monofásica com responsabilidade pela retenção sobre combustíveis, observado o art. 178 da Lei Complementar nº 214, de 2025.;Art. 178;Uniforme setorial;0;0;0;0;9;1;0;2026-01-01;;2026-06-22;91722;https://www.planalto.gov.br/ccivil_03/leis/lcp/lcp214.htm#art178;https://www.nfe.fazenda.gov.br/portal/exibirArquivo.aspx?conteudo=D5b4Ov84WDg=
620003;620;Tributação monofásica;Tributação monofásica com responsabilidade de retenção de tributos por terceiros;Tributação monofásica com responsabilidade de retenção de tributos por terceiros, observado o art. 178 da Lei Complementar nº 214, de 2025.;Art. 178;Uniforme setorial;0;0;0;0;9;1;0;2026-01-01;;2026-06-22;91723;https://www.planalto.gov.br/ccivil_03/leis/lcp/lcp214.htm#art178;https://www.nfe.fazenda.gov.br/portal/exibirArquivo.aspx?conteudo=D5b4Ov84WDg=
620004;620;Tributação monofásica;Tributação monofásica sobre mistura de EAC com gasolina A em percentual superior ao obrigatório;Tributação monofásica sobre mistura de EAC com gasolina A em percentual superior ou inferior ao obrigatório, observado o art. 179 da Lei Complementar nº 214, de 2025.;Art. 179, II, a;Uniforme setorial;0;0;0;0;9;1;0;2026-01-01;;2026-06-22;91724;https://www.planalto.gov.br/ccivil_03/leis/lcp/lcp214.htm#art179;https://www.nfe.fazenda.gov.br/portal/exibirArquivo.aspx?conteudo=D5b4Ov84WDg=
620005;620;Tributação monofásica;Tributação monofásica sobre mistura de EAC com gasolina A em percentual inferior ao obrigatório;Tributação monofásica sobre mistura de EAC com gasolina A em percentual superior ou inferior ao obrigatório, observado o art. 179 da Lei Complementar nº 214, de 2025.;Art. 179, II, b;Uniforme setorial;0;0;0;0;9;1;0;2026-01-01;;2026-06-22;91725;https://www.planalto.gov.br/ccivil_03/leis/lcp/lcp214.htm#art179;https://www.nfe.fazenda.gov.br/portal/exibirArquivo.aspx?conteudo=D5b4Ov84WDg=
620006;620;Tributação monofásica;Tributação monofásica sobre combustíveis cobrada anteriormente;Tributação monofásica sobre combustíveis cobrada anteriormente, observador o art. 180 da Lei Complementar nº 214, de 2025.;Art. 180;Uniforme setorial;0;0;0;0;2;1;1;2026-01-01;;2026-06-22;91726;https://www.planalto.gov.br/ccivil_03/leis/lcp/lcp214.htm#art180;https://www.nfe.fazenda.gov.br/portal/exibirArquivo.aspx?conteudo=D5b4Ov84WDg=
620007;620;Tributação monofásica;Perecimento, deteriorização, roubo, furto ou extravio no regime monofásico;Perecimento, deteriorização, roubo, furto ou extravio no regime monofásico sem estorno de crédito, observado o art. 47 da Lei Complementar nº 214, de 2025.;Art. 47, § 6º;Sem alíquota;0;0;0;0;0;1;0;2026-01-01;;2026-06-22;;https://www.planalto.gov.br/ccivil_03/leis/lcp/lcp214.htm#art47;https://www.nfe.fazenda.gov.br/portal/exibirArquivo.aspx?conteudo=D5b4Ov84WDg=
800001;800;Transferência de crédito;Fusão, cisão ou incorporação;Fusão, cisão ou incorporação, observado o art. 55 da Lei Complementar nº 214, de 2025.;Art. 55;Sem alíquota;0;0;0;0;0;1;0;2026-01-01;;2026-06-22;;https://www.planalto.gov.br/ccivil_03/leis/lcp/lcp214.htm#art55;https://www.nfe.fazenda.gov.br/portal/exibirArquivo.aspx?conteudo=D5b4Ov84WDg=
800002;800;Transferência de crédito;Transferência de crédito do associado, inclusive as cooperativas singulares;Transferência de crédito do associado, inclusive as cooperativas singulares, para cooperativa de que participa das operações antecedentes às operações em que fornece bens e serviços e os créditos presumidos, observado o art. 272 da Lei Complementar nº 214, de 2025.;Art. 272;Sem alíquota;0;0;0;0;0;1;0;2026-01-01;;2026-06-22;;https://www.planalto.gov.br/ccivil_03/leis/lcp/lcp214.htm#art272;https://www.nfe.fazenda.gov.br/portal/exibirArquivo.aspx?conteudo=D5b4Ov84WDg=
810001;810;Ajuste de IBS na ZFM;Crédito presumido de IBS sobre o valor apurado nos fornecimentos a partir da ZFM;Crédito presumido de IBS sobre o valor apurado nos fornecimentos a partir da Zona Franca de Manaus, observado o art. 450 da Lei Complementar nº 214, de 2025.;Art. 450, § 1º;Sem alíquota;0;0;0;0;0;1;0;2026-01-01;;2026-06-22;;https://www.planalto.gov.br/ccivil_03/leis/lcp/lcp214.htm#art450;https://www.nfe.fazenda.gov.br/portal/exibirArquivo.aspx?conteudo=D5b4Ov84WDg=
811001;811;Ajustes;Anulação de Crédito por Saídas Imunes/Isentas;Anulação de crédito proporcional ao valor das operações imunes e isentas, observado o art. 51 da Lei Complementar nº 214, de 2025.;Art. 51;Sem alíquota;0;0;0;0;0;1;0;2026-01-01;;2026-06-22;;https://www.planalto.gov.br/ccivil_03/leis/lcp/lcp214.htm#art51;https://www.nfe.fazenda.gov.br/portal/exibirArquivo.aspx?conteudo=D5b4Ov84WDg=
811002;811;Ajustes;Débitos de notas fiscais não processadas na apuração;Débitos de notas fiscais não processadas na apuração, observado o art. 45 da Lei Complementar nº 214, de 2025.;Art. 45;Sem alíquota;0;0;0;0;0;1;0;2026-01-01;;2026-06-22;;https://www.planalto.gov.br/ccivil_03/leis/lcp/lcp214.htm#art45;https://www.nfe.fazenda.gov.br/portal/exibirArquivo.aspx?conteudo=D5b4Ov84WDg=
811003;811;Ajustes;Desenquadramento do Simples Nacional;Débitos apurados após o desenquadramento do regime Simples Nacional, observado o art. 41 da Lei Complementar nº 214, de 2025.;Art. 41;Sem alíquota;0;0;0;0;0;1;0;2026-01-01;;2026-06-22;;https://www.planalto.gov.br/ccivil_03/leis/lcp/lcp214.htm#art41;https://www.nfe.fazenda.gov.br/portal/exibirArquivo.aspx?conteudo=D5b4Ov84WDg=
820001;820;Tributação em documento específico;Documento com informações de fornecimento de serviços de planos de assistência à saúde elencados no art. 234 da Lei Complementar nº214, de 2025;Documento com informações de fornecimento de serviços de planos de assistência à saúde elencados no art. 234 da Lei Complementar nº 214, de 2025, mas com tributação realizada por outro meio;Art. 234;Sem alíquota;0;0;0;0;9;0;0;2026-01-01;;2026-06-22;92341;https://www.planalto.gov.br/ccivil_03/leis/lcp/lcp214.htm#art234;https://www.nfe.fazenda.gov.br/portal/exibirArquivo.aspx?conteudo=D5b4Ov84WDg=
820002;820;Tributação em documento específico;Documento com informações de fornecimento de serviços de planos de assistência funerária;Documento com informações de fornecimento de serviços de planos de assinstência funerária, mas com tributação realizada por outro meio, observado o art. 236 da Lei Complementar nº 214, de 2025.;Art. 236;Sem alíquota;0;0;0;0;9;0;0;2026-01-01;;2026-06-22;92361;https://www.planalto.gov.br/ccivil_03/leis/lcp/lcp214.htm#art236;https://www.nfe.fazenda.gov.br/portal/exibirArquivo.aspx?conteudo=D5b4Ov84WDg=
820003;820;Tributação em documento específico;Documento com informações de fornecimento de serviços de planos de assistência à saúde de animais domésticos;Documento com informações de fornecimento de serviços de planos de assinstência à saúde de animais domésticos, mas com tributação realizada por outro meio, observado o art. 243 da Lei Complementar nº 214, de 2025.;Art. 243;Sem alíquota;0;0;0;0;9;0;0;2026-01-01;;2026-06-22;92431;https://www.planalto.gov.br/ccivil_03/leis/lcp/lcp214.htm#art243;https://www.nfe.fazenda.gov.br/portal/exibirArquivo.aspx?conteudo=D5b4Ov84WDg=
820004;820;Tributação em documento específico;Documento com informações de prestação de serviços de consursos de prognósticos;Documento com informações de prestação de serviços de consursos de prognósticos, mas com tributação realizada por outro meio, observado o art. 248 da Lei Complementar nº 214, de 2025.;Art. 248;Sem alíquota;0;0;0;0;9;0;0;2026-01-01;;2026-06-22;;https://www.planalto.gov.br/ccivil_03/leis/lcp/lcp214.htm#art248;https://www.nfe.fazenda.gov.br/portal/exibirArquivo.aspx?conteudo=D5b4Ov84WDg=
820005;820;Tributação em documento específico;Documento com informações de alienação de bens imóveis;Documento com informações de alienação de bens imóveis, mas com tributação realizada por outro meio, observado o art. 254 da Lei Complementar nº 214, de 2025.;Art. 254, § 1º;Sem alíquota;0;0;0;0;0;0;0;2026-01-01;;2026-06-22;;https://www.planalto.gov.br/ccivil_03/leis/lcp/lcp214.htm#art254;https://www.nfe.fazenda.gov.br/portal/exibirArquivo.aspx?conteudo=D5b4Ov84WDg=
820006;820;Tributação em documento específico;Documento com informações de fornecimento de serviços de exploração de via;Documento com informações de fornecimento de serviços de exploração de via, mas com tributação realizada por outro meio, observado o art. 11 da Lei Complementar nº 214, de 2025.;Art. 11, VIII;Sem alíquota;0;0;0;0;0;0;0;2026-01-01;;2026-06-22;90111;https://www.planalto.gov.br/ccivil_03/leis/lcp/lcp214.htm#art11;https://www.nfe.fazenda.gov.br/portal/exibirArquivo.aspx?conteudo=D5b4Ov84WDg=
820007;820;Tributação em documento específico;Documento com informações de fornecimento de serviços financeiros;Documento com informações de fornecimento de serviços financeiros, mas com tributação realizada por outro meio, observado o art. 181 da Lei Complementar nº 214, de 2025.;Art. 181;Sem alíquota;0;0;0;0;9;0;0;2026-01-01;;2026-06-22;91811;https://www.planalto.gov.br/ccivil_03/leis/lcp/lcp214.htm#art181;https://www.nfe.fazenda.gov.br/portal/exibirArquivo.aspx?conteudo=D5b4Ov84WDg=
820008;820;Tributação em documento específico;Documento com informações de fornecimento de serviço continuado, mas com tributação realizada em fatura anterior;Documento com informações de fornecimento de serviço continuado, mas com tributação realizada em fatura anterior, observado o art. 10 da Lei Complementar nº 214, de 2025.;Art. 10, § 3º;Sem alíquota;0;0;0;0;0;0;0;2026-01-01;;2026-06-22;;https://www.planalto.gov.br/ccivil_03/leis/lcp/lcp214.htm#art10;https://www.nfe.fazenda.gov.br/portal/exibirArquivo.aspx?conteudo=D5b4Ov84WDg=
820009;820;Tributação em documento específico;Cobrança relativa a fornecimentos declarados em outro documento;Cobrança relativa a fornecimentos declarados em outro documento, observado o art. 60 da Lei Complementar nº 214, de 2025.;Art. 60;Sem alíquota;0;0;0;0;0;0;0;2026-01-01;;2026-06-22;;https://www.planalto.gov.br/ccivil_03/leis/lcp/lcp214.htm#art60;https://www.nfe.fazenda.gov.br/portal/exibirArquivo.aspx?conteudo=D5b4Ov84WDg=
830001;830;Exclusão de base de cálculo;Documento com exclusão da BC da CBS e do IBS de energia elétrica fornecida pela distribuidora à UC;Documento com exclusão da base de cálculo da CBS e do IBS refrente à energia elétrica fornecida pela distribuidora à unidade consumidora, conforme Art 28, parágrafos 3° e 4°.;Art. 28, parágrafos 3° e 4°;Sem alíquota;0;0;0;0;0;1;0;2026-01-01;;2026-06-22;;https://www.planalto.gov.br/ccivil_03/leis/lcp/lcp214.htm#art28;https://www.nfe.fazenda.gov.br/portal/exibirArquivo.aspx?conteudo=D5b4Ov84WDg=